island,cohort,phase,C9_mode,n,status_ok,status_no_blobs,status_fail_g0a,c9_measured_n,c9_partial_n,c9_full_n,c9_missing_n,c9_mean,c9_median,c9_max,preserved_i2_mean,preserved_i2_median,descriptor_bins_observed,unique_ghashes,strict_economy_class_n,common_I025_mean,common_I025_median,common_I025_max,qualifying_025_n,qualifying_025_per_all_n,qualifying_025_descriptor_bins,qualifying_025_strict_economy_class_n,common_I040_mean,common_I040_median,common_I040_max,qualifying_040_n,qualifying_040_per_all_n,qualifying_040_descriptor_bins,qualifying_040_strict_economy_class_n
1,baseline_g1_7,screen,all,690,565,83,42,565,560,5,125,0.25452530973451326,0.2875,0.7412,56.480326011160614,64.7050929626034,173,653,5,48.72337725173329,55.84250110942213,80.95316577068337,139,0.20144927536231885,43,4,44.0692079960769,49.58291116393797,77.3525326165467,118,0.17101449275362318,40,3
1,baseline_g1_7,screen,partial,560,560,0,0,560,560,0,0,0.25239464285714286,0.28705,0.7412,56.31910590355845,64.52531800639238,169,529,0,48.549195499097415,55.71190566172676,80.95316577068337,135,0.24107142857142858,40,0,43.88724925642079,49.41646447298281,77.3525326165467,115,0.20535714285714285,38,0
1,baseline_g1_7,screen,full,5,5,0,0,5,0,5,0,0.49316,0.4737,0.6979,74.53697806260205,75.88545184945205,4,4,5,68.23173354695153,70.53791930118574,72.40459978158677,4,0.8,3,4,64.44858683756122,65.28938643722486,71.8816798252694,3,0.6,2,3
1,baseline_g1_7,seed2,all,257,257,0,0,257,257,0,0,0.2461544747081712,0.251,0.7502,60.36817354677794,64.99549633327905,148,250,0,51.42999202778773,55.2904150473444,77.88911561975847,60,0.23346303501945526,37,0,46.06708311639361,48.428068122778946,74.17131186369798,51,0.19844357976653695,29,0
1,baseline_g1_7,seed2,partial,257,257,0,0,257,257,0,0,0.2461544747081712,0.251,0.7502,60.36817354677794,64.99549633327905,148,250,0,51.42999202778773,55.2904150473444,77.88911561975847,60,0.23346303501945526,37,0,46.06708311639361,48.428068122778946,74.17131186369798,51,0.19844357976653695,29,0
1,baseline_g1_7,seed2,full,0,0,0,0,0,0,0,0,,,,,,0,0,0,,,,0,,0,0,,,,0,,0,0
1,baseline_g1_7,seed3,all,229,229,0,0,229,229,0,0,0.2581248908296943,0.2336,0.8504,61.42487150931383,64.8019086161906,140,223,0,52.52177590272773,54.909576613931165,82.3327196684081,63,0.27510917030567683,38,0,47.17991853877607,47.83367850274367,78.94939259564032,52,0.22707423580786026,32,0
1,baseline_g1_7,seed3,partial,229,229,0,0,229,229,0,0,0.2581248908296943,0.2336,0.8504,61.42487150931383,64.8019086161906,140,223,0,52.52177590272773,54.909576613931165,82.3327196684081,63,0.27510917030567683,38,0,47.17991853877607,47.83367850274367,78.94939259564032,52,0.22707423580786026,32,0
1,baseline_g1_7,seed3,full,0,0,0,0,0,0,0,0,,,,,,0,0,0,,,,0,,0,0,,,,0,,0,0
1,baseline_g1_7,selected_confirmations_pooled,all,486,486,0,0,486,486,0,0,0.2517948559670782,0.24964999999999998,0.8504,60.86608266904279,64.86119649972876,193,252,0,51.94443340095905,54.94117651241156,82.3327196684081,123,0.25308641975308643,48,0,46.5914438401088,48.29277881246962,78.94939259564032,103,0.21193415637860083,41,0
1,baseline_g1_7,selected_confirmations_pooled,partial,486,486,0,0,486,486,0,0,0.2517948559670782,0.24964999999999998,0.8504,60.86608266904279,64.86119649972876,193,252,0,51.94443340095905,54.94117651241156,82.3327196684081,123,0.25308641975308643,48,0,46.5914438401088,48.29277881246962,78.94939259564032,103,0.21193415637860083,41,0
1,baseline_g1_7,selected_confirmations_pooled,full,0,0,0,0,0,0,0,0,,,,,,0,0,0,,,,0,,0,0,,,,0,,0,0
1,baseline_g1_7,verified_same_genome_confirmations,all,483,483,0,0,483,483,0,0,0.25031097308488615,0.2437,0.8504,60.835870688514,64.87962418088264,192,250,0,51.884677343507654,54.8020981284296,82.3327196684081,122,0.2525879917184265,48,0,46.51396133650384,48.16141323615591,78.94939259564032,102,0.2111801242236025,41,0
1,baseline_g1_7,verified_same_genome_confirmations,partial,483,483,0,0,483,483,0,0,0.25031097308488615,0.2437,0.8504,60.835870688514,64.87962418088264,192,250,0,51.884677343507654,54.8020981284296,82.3327196684081,122,0.2525879917184265,48,0,46.51396133650384,48.16141323615591,78.94939259564032,102,0.2111801242236025,41,0
1,baseline_g1_7,verified_same_genome_confirmations,full,0,0,0,0,0,0,0,0,,,,,,0,0,0,,,,0,,0,0,,,,0,,0,0
1,transition_g8,screen,all,81,76,4,1,76,76,0,5,0.27934473684210526,0.30325,0.7,53.79171047082366,60.69140843512007,57,76,0,47.32740127417038,49.7687800693581,76.4356844345693,22,0.2716049382716049,13,0,43.448815756178405,45.3296322126291,74.06333114437204,16,0.19753086419753085,10,0
1,transition_g8,screen,partial,76,76,0,0,76,76,0,0,0.27934473684210526,0.30325,0.7,53.79171047082366,60.69140843512007,57,71,0,47.32740127417038,49.7687800693581,76.4356844345693,22,0.2894736842105263,13,0,43.448815756178405,45.3296322126291,74.06333114437204,16,0.21052631578947367,10,0
1,transition_g8,screen,full,0,0,0,0,0,0,0,0,,,,,,0,0,0,,,,0,,0,0,,,,0,,0,0
1,transition_g8,seed2,all,28,28,0,0,28,28,0,0,0.15070357142857144,0.05085,0.5132,47.4331164778697,48.52229031727856,26,28,0,39.342426644116564,40.65274361261427,73.99018908654614,2,0.07142857142857142,2,0,34.48801274386468,33.40019489009142,67.58401018008425,2,0.07142857142857142,2,0
1,transition_g8,seed2,partial,28,28,0,0,28,28,0,0,0.15070357142857144,0.05085,0.5132,47.4331164778697,48.52229031727856,26,28,0,39.342426644116564,40.65274361261427,73.99018908654614,2,0.07142857142857142,2,0,34.48801274386468,33.40019489009142,67.58401018008425,2,0.07142857142857142,2,0
1,transition_g8,seed2,full,0,0,0,0,0,0,0,0,,,,,,0,0,0,,,,0,,0,0,,,,0,,0,0
1,transition_g8,seed3,all,27,27,0,0,27,27,0,0,0.1729111111111111,0.0877,0.6347,50.468993299457125,55.42945207458543,27,27,0,42.17452275237062,44.386097419331115,82.3327196684081,3,0.1111111111111111,3,0,37.197840424118716,37.09834775940866,78.56017573472647,3,0.1111111111111111,3,0
1,transition_g8,seed3,partial,27,27,0,0,27,27,0,0,0.1729111111111111,0.0877,0.6347,50.468993299457125,55.42945207458543,27,27,0,42.17452275237062,44.386097419331115,82.3327196684081,3,0.1111111111111111,3,0,37.197840424118716,37.09834775940866,78.56017573472647,3,0.1111111111111111,3,0
1,transition_g8,seed3,full,0,0,0,0,0,0,0,0,,,,,,0,0,0,,,,0,,0,0,,,,0,,0,0
1,transition_g8,selected_confirmations_pooled,all,55,55,0,0,55,55,0,0,0.16160545454545455,0.0877,0.6347,48.92345600846716,53.04845446445157,45,28,0,40.73272836998674,44.386097419331115,82.3327196684081,5,0.09090909090909091,5,0,35.81829178689848,36.89071407811951,78.56017573472647,5,0.09090909090909091,5,0
1,transition_g8,selected_confirmations_pooled,partial,55,55,0,0,55,55,0,0,0.16160545454545455,0.0877,0.6347,48.92345600846716,53.04845446445157,45,28,0,40.73272836998674,44.386097419331115,82.3327196684081,5,0.09090909090909091,5,0,35.81829178689848,36.89071407811951,78.56017573472647,5,0.09090909090909091,5,0
1,transition_g8,selected_confirmations_pooled,full,0,0,0,0,0,0,0,0,,,,,,0,0,0,,,,0,,0,0,,,,0,,0,0
1,transition_g8,verified_same_genome_confirmations,all,55,55,0,0,55,55,0,0,0.16160545454545455,0.0877,0.6347,48.92345600846716,53.04845446445157,45,28,0,40.73272836998674,44.386097419331115,82.3327196684081,5,0.09090909090909091,5,0,35.81829178689848,36.89071407811951,78.56017573472647,5,0.09090909090909091,5,0
1,transition_g8,verified_same_genome_confirmations,partial,55,55,0,0,55,55,0,0,0.16160545454545455,0.0877,0.6347,48.92345600846716,53.04845446445157,45,28,0,40.73272836998674,44.386097419331115,82.3327196684081,5,0.09090909090909091,5,0,35.81829178689848,36.89071407811951,78.56017573472647,5,0.09090909090909091,5,0
1,transition_g8,verified_same_genome_confirmations,full,0,0,0,0,0,0,0,0,,,,,,0,0,0,,,,0,,0,0,,,,0,,0,0
1,late_g9_12,screen,all,283,261,13,9,261,261,0,22,0.27322490421455936,0.2813,0.8185,54.068465222827555,61.17477860187085,136,275,0,47.38197152248465,51.303583951403134,79.98547682431094,71,0.2508833922261484,36,0,43.370075302278906,45.38086716112251,78.6137524063647,65,0.22968197879858657,33,0
1,late_g9_12,screen,partial,261,261,0,0,261,261,0,0,0.27322490421455936,0.2813,0.8185,54.068465222827555,61.17477860187085,136,253,0,47.38197152248465,51.303583951403134,79.98547682431094,71,0.2720306513409962,36,0,43.370075302278906,45.38086716112251,78.6137524063647,65,0.24904214559386972,33,0
1,late_g9_12,screen,full,0,0,0,0,0,0,0,0,,,,,,0,0,0,,,,0,,0,0,,,,0,,0,0
1,late_g9_12,seed2,all,84,84,0,0,84,84,0,0,0.22638214285714287,0.09855,0.8854,50.939235842545834,48.61898292946764,72,83,0,43.863980453337945,41.3826583264505,83.17173990497955,20,0.23809523809523808,15,0,39.61882721981321,37.3236153853768,84.24539192398363,19,0.2261904761904762,14,0
1,late_g9_12,seed2,partial,84,84,0,0,84,84,0,0,0.22638214285714287,0.09855,0.8854,50.939235842545834,48.61898292946764,72,83,0,43.863980453337945,41.3826583264505,83.17173990497955,20,0.23809523809523808,15,0,39.61882721981321,37.3236153853768,84.24539192398363,19,0.2261904761904762,14,0
1,late_g9_12,seed2,full,0,0,0,0,0,0,0,0,,,,,,0,0,0,,,,0,,0,0,,,,0,,0,0
1,late_g9_12,seed3,all,80,80,0,0,80,80,0,0,0.23988625,0.1011,0.8895,52.19928978304488,54.47118469180225,69,79,0,45.14662358728366,46.48407612198449,81.07557484484799,19,0.2375,15,0,40.91502386982693,40.960760230297225,82.6504598758784,18,0.225,14,0
1,late_g9_12,seed3,partial,80,80,0,0,80,80,0,0,0.23988625,0.1011,0.8895,52.19928978304488,54.47118469180225,69,79,0,45.14662358728366,46.48407612198449,81.07557484484799,19,0.2375,15,0,40.91502386982693,40.960760230297225,82.6504598758784,18,0.225,14,0
1,late_g9_12,seed3,full,0,0,0,0,0,0,0,0,,,,,,0,0,0,,,,0,,0,0,,,,0,,0,0
1,late_g9_12,selected_confirmations_pooled,all,164,164,0,0,164,164,0,0,0.23296951219512196,0.1011,0.8895,51.55389630132586,50.27903905885181,103,83,0,44.48966003087244,44.14574752046493,83.17173990497955,39,0.23780487804878048,23,0,40.25111826860039,38.77585664019446,84.24539192398363,37,0.22560975609756098,22,0
1,late_g9_12,selected_confirmations_pooled,partial,164,164,0,0,164,164,0,0,0.23296951219512196,0.1011,0.8895,51.55389630132586,50.27903905885181,103,83,0,44.48966003087244,44.14574752046493,83.17173990497955,39,0.23780487804878048,23,0,40.25111826860039,38.77585664019446,84.24539192398363,37,0.22560975609756098,22,0
1,late_g9_12,selected_confirmations_pooled,full,0,0,0,0,0,0,0,0,,,,,,0,0,0,,,,0,,0,0,,,,0,,0,0
1,late_g9_12,verified_same_genome_confirmations,all,164,164,0,0,164,164,0,0,0.23296951219512196,0.1011,0.8895,51.55389630132586,50.27903905885181,103,83,0,44.48966003087244,44.14574752046493,83.17173990497955,39,0.23780487804878048,23,0,40.25111826860039,38.77585664019446,84.24539192398363,37,0.22560975609756098,22,0
1,late_g9_12,verified_same_genome_confirmations,partial,164,164,0,0,164,164,0,0,0.23296951219512196,0.1011,0.8895,51.55389630132586,50.27903905885181,103,83,0,44.48966003087244,44.14574752046493,83.17173990497955,39,0.23780487804878048,23,0,40.25111826860039,38.77585664019446,84.24539192398363,37,0.22560975609756098,22,0
1,late_g9_12,verified_same_genome_confirmations,full,0,0,0,0,0,0,0,0,,,,,,0,0,0,,,,0,,0,0,,,,0,,0,0
1,continuation_g8_12,screen,all,364,337,17,10,337,337,0,27,0.27460504451038575,0.2852,0.8185,54.006051688251006,60.964864450208125,162,346,0,47.3696648789479,51.196978619555665,79.98547682431094,93,0.2554945054945055,39,0,43.38783279336604,45.38086716112251,78.6137524063647,81,0.22252747252747251,36,0
1,continuation_g8_12,screen,partial,337,337,0,0,337,337,0,0,0.27460504451038575,0.2852,0.8185,54.006051688251006,60.964864450208125,162,319,0,47.3696648789479,51.196978619555665,79.98547682431094,93,0.27596439169139464,39,0,43.38783279336604,45.38086716112251,78.6137524063647,81,0.2403560830860534,36,0
1,continuation_g8_12,screen,full,0,0,0,0,0,0,0,0,,,,,,0,0,0,,,,0,,0,0,,,,0,,0,0
1,continuation_g8_12,seed2,all,112,112,0,0,112,112,0,0,0.2074625,0.0853,0.8854,50.0627060013768,48.61898292946764,91,109,0,42.7335920010326,41.3826583264505,83.17173990497955,22,0.19642857142857142,16,0,38.33612360082608,36.99919474670375,84.24539192398363,21,0.1875,15,0
1,continuation_g8_12,seed2,partial,112,112,0,0,112,112,0,0,0.2074625,0.0853,0.8854,50.0627060013768,48.61898292946764,91,109,0,42.7335920010326,41.3826583264505,83.17173990497955,22,0.19642857142857142,16,0,38.33612360082608,36.99919474670375,84.24539192398363,21,0.1875,15,0
1,continuation_g8_12,seed2,full,0,0,0,0,0,0,0,0,,,,,,0,0,0,,,,0,,0,0,,,,0,,0,0
1,continuation_g8_12,seed3,all,107,107,0,0,107,107,0,0,0.2229859813084112,0.0919,0.8895,51.762672913354514,55.42945207458543,90,105,0,44.396654217726166,45.776361799569806,82.3327196684081,22,0.205607476635514,18,0,39.977043000349155,37.53287793546489,82.6504598758784,21,0.19626168224299065,17,0
1,continuation_g8_12,seed3,partial,107,107,0,0,107,107,0,0,0.2229859813084112,0.0919,0.8895,51.762672913354514,55.42945207458543,90,105,0,44.396654217726166,45.776361799569806,82.3327196684081,22,0.205607476635514,18,0,39.977043000349155,37.53287793546489,82.6504598758784,21,0.19626168224299065,17,0
1,continuation_g8_12,seed3,full,0,0,0,0,0,0,0,0,,,,,,0,0,0,,,,0,,0,0,,,,0,,0,0
1,continuation_g8_12,selected_confirmations_pooled,all,219,219,0,0,219,219,0,0,0.21504703196347033,0.0878,0.8895,50.89328344238874,50.35905310258343,135,109,0,43.54613838087832,44.386097419331115,83.17173990497955,44,0.2009132420091324,26,0,39.13785134397206,37.107675415287986,84.24539192398363,42,0.1917808219178082,25,0
1,continuation_g8_12,selected_confirmations_pooled,partial,219,219,0,0,219,219,0,0,0.21504703196347033,0.0878,0.8895,50.89328344238874,50.35905310258343,135,109,0,43.54613838087832,44.386097419331115,83.17173990497955,44,0.2009132420091324,26,0,39.13785134397206,37.107675415287986,84.24539192398363,42,0.1917808219178082,25,0
1,continuation_g8_12,selected_confirmations_pooled,full,0,0,0,0,0,0,0,0,,,,,,0,0,0,,,,0,,0,0,,,,0,,0,0
1,continuation_g8_12,verified_same_genome_confirmations,all,219,219,0,0,219,219,0,0,0.21504703196347033,0.0878,0.8895,50.89328344238874,50.35905310258343,135,109,0,43.54613838087832,44.386097419331115,83.17173990497955,44,0.2009132420091324,26,0,39.13785134397206,37.107675415287986,84.24539192398363,42,0.1917808219178082,25,0
1,continuation_g8_12,verified_same_genome_confirmations,partial,219,219,0,0,219,219,0,0,0.21504703196347033,0.0878,0.8895,50.89328344238874,50.35905310258343,135,109,0,43.54613838087832,44.386097419331115,83.17173990497955,44,0.2009132420091324,26,0,39.13785134397206,37.107675415287986,84.24539192398363,42,0.1917808219178082,25,0
1,continuation_g8_12,verified_same_genome_confirmations,full,0,0,0,0,0,0,0,0,,,,,,0,0,0,,,,0,,0,0,,,,0,,0,0
1,all_g1_12,screen,all,1054,902,100,52,902,897,5,152,0.2620273835920177,0.2874,0.8185,55.55590201246822,63.67899959011282,247,987,5,48.21761109915161,54.408961037297765,80.95316577068337,232,0.22011385199240988,58,4,43.81463655116164,48.55652243340107,78.6137524063647,199,0.1888045540796964,53,3
1,all_g1_12,screen,partial,897,897,0,0,897,897,0,0,0.2607390189520624,0.2868,0.8185,55.450098912969146,63.50922659679428,243,836,0,48.10604965852842,54.25804858845859,80.95316577068337,228,0.25418060200668896,55,0,43.699620105863985,48.26406597554844,78.6137524063647,196,0.21850613154960982,51,0
1,all_g1_12,screen,full,5,5,0,0,5,0,5,0,0.49316,0.4737,0.6979,74.53697806260205,75.88545184945205,4,4,5,68.23173354695153,70.53791930118574,72.40459978158677,4,0.8,3,4,64.44858683756122,65.28938643722486,71.8816798252694,3,0.6,2,3
1,all_g1_12,seed2,all,369,369,0,0,369,369,0,0,0.23441056910569105,0.1913,0.8854,57.2402267579299,61.76195981222471,205,353,0,48.7904342960897,50.85011202279951,83.17173990497955,82,0.2222222222222222,49,0,43.72055881898558,45.463390432279844,84.24539192398363,72,0.1951219512195122,40,0
1,all_g1_12,seed2,partial,369,369,0,0,369,369,0,0,0.23441056910569105,0.1913,0.8854,57.2402267579299,61.76195981222471,205,353,0,48.7904342960897,50.85011202279951,83.17173990497955,82,0.2222222222222222,49,0,43.72055881898558,45.463390432279844,84.24539192398363,72,0.1951219512195122,40,0
1,all_g1_12,seed2,full,0,0,0,0,0,0,0,0,,,,,,0,0,0,,,,0,,0,0,,,,0,,0,0
1,all_g1_12,seed3,all,336,336,0,0,336,336,0,0,0.24693482142857143,0.1966,0.8895,58.34792136119583,62.92033903256733,191,322,0,49.93431155661116,52.58927944363893,82.3327196684081,85,0.25297619047619047,45,0,44.886145673860355,45.90822150198015,82.6504598758784,73,0.21726190476190477,38,0
1,all_g1_12,seed3,partial,336,336,0,0,336,336,0,0,0.24693482142857143,0.1966,0.8895,58.34792136119583,62.92033903256733,191,322,0,49.93431155661116,52.58927944363893,82.3327196684081,85,0.25297619047619047,45,0,44.886145673860355,45.90822150198015,82.6504598758784,73,0.21726190476190477,38,0
1,all_g1_12,seed3,full,0,0,0,0,0,0,0,0,,,,,,0,0,0,,,,0,,0,0,,,,0,,0,0
1,all_g1_12,selected_confirmations_pooled,all,705,705,0,0,705,705,0,0,0.2403795744680851,0.1962,0.8895,57.76814929225239,62.24162138530508,263,355,0,49.335601330891414,51.62720085982638,83.17173990497955,167,0.23687943262411348,61,0,44.27607255407484,45.767204241345325,84.24539192398363,145,0.20567375886524822,53,0
1,all_g1_12,selected_confirmations_pooled,partial,705,705,0,0,705,705,0,0,0.2403795744680851,0.1962,0.8895,57.76814929225239,62.24162138530508,263,355,0,49.335601330891414,51.62720085982638,83.17173990497955,167,0.23687943262411348,61,0,44.27607255407484,45.767204241345325,84.24539192398363,145,0.20567375886524822,53,0
1,all_g1_12,selected_confirmations_pooled,full,0,0,0,0,0,0,0,0,,,,,,0,0,0,,,,0,,0,0,,,,0,,0,0
1,all_g1_12,verified_same_genome_confirmations,all,702,702,0,0,702,702,0,0,0.23930982905982906,0.1935,0.8895,57.734123385235605,62.260867461634994,262,353,0,49.28333826542243,51.509752314793815,83.17173990497955,166,0.23646723646723647,61,0,44.21286719353453,45.42514927794,84.24539192398363,144,0.20512820512820512,53,0
1,all_g1_12,verified_same_genome_confirmations,partial,702,702,0,0,702,702,0,0,0.23930982905982906,0.1935,0.8895,57.734123385235605,62.260867461634994,262,353,0,49.28333826542243,51.509752314793815,83.17173990497955,166,0.23646723646723647,61,0,44.21286719353453,45.42514927794,84.24539192398363,144,0.20512820512820512,53,0
1,all_g1_12,verified_same_genome_confirmations,full,0,0,0,0,0,0,0,0,,,,,,0,0,0,,,,0,,0,0,,,,0,,0,0
1,atlas_gen0_import,screen,all,3,3,0,0,3,0,3,0,0.2703,0.2619,0.3041,33.55187906624779,35.52894042397832,3,3,3,31.921409299685845,33.19420531798374,36.97467573134584,0,0.0,0,0,30.943127439748675,31.793364254386994,35.66174058507667,0,0.0,0,0
1,atlas_gen0_import,screen,partial,0,0,0,0,0,0,0,0,,,,,,0,0,0,,,,0,,0,0,,,,0,,0,0
1,atlas_gen0_import,screen,full,3,3,0,0,3,0,3,0,0.2703,0.2619,0.3041,33.55187906624779,35.52894042397832,3,3,3,31.921409299685845,33.19420531798374,36.97467573134584,0,0.0,0,0,30.943127439748675,31.793364254386994,35.66174058507667,0,0.0,0,0
1,c9_backfill_import,c9fill,all,88,88,0,0,88,88,0,0,0.29146022727272725,0.3173,0.6393,67.20001392142248,66.99922924243398,67,88,0,57.686516122885045,58.09962531189729,74.97725980699855,30,0.3409090909090909,23,0,51.97841744376258,53.33499544327516,70.79668978096745,26,0.29545454545454547,20,0
1,c9_backfill_import,c9fill,partial,88,88,0,0,88,88,0,0,0.29146022727272725,0.3173,0.6393,67.20001392142248,66.99922924243398,67,88,0,57.686516122885045,58.09962531189729,74.97725980699855,30,0.3409090909090909,23,0,51.97841744376258,53.33499544327516,70.79668978096745,26,0.29545454545454547,20,0
1,c9_backfill_import,c9fill,full,0,0,0,0,0,0,0,0,,,,,,0,0,0,,,,0,,0,0,,,,0,,0,0
2,baseline_g1_7,screen,all,686,562,73,51,562,554,8,124,0.2697008896797153,0.30135,0.7576,53.83342093197428,62.94663352331711,173,646,7,47.11758794097359,53.886499758147934,77.67241321957417,142,0.20699708454810495,43,2,43.08808814637318,49.50932907918599,75.13393057565933,123,0.1793002915451895,35,1
2,baseline_g1_7,screen,partial,554,554,0,0,554,554,0,0,0.2675173285198556,0.29915,0.7576,53.64570796158638,62.75154162933331,167,520,0,46.922214184186174,53.75416322289222,77.67241321957417,140,0.2527075812274368,41,0,42.88811791774605,49.13514536549451,75.13393057565933,122,0.22021660649819494,34,0
2,baseline_g1_7,screen,full,8,8,0,0,8,0,8,0,0.4209125,0.40354999999999996,0.5673,66.83254413133643,65.89424588064529,6,7,7,60.64722059850232,60.371854121057396,70.20738417665058,2,0.25,2,2,56.93602647880186,55.227603528209045,64.08390734132047,1,0.125,1,1
2,baseline_g1_7,seed2,all,239,238,1,0,238,238,0,1,0.279822268907563,0.32394999999999996,0.8048,59.19035592810285,63.16022420750642,134,233,0,51.38832366876621,55.447555788764745,77.18945748529181,60,0.2510460251046025,30,0,46.70710431316423,48.44518894065489,77.07017527943856,53,0.2217573221757322,28,0
2,baseline_g1_7,seed2,partial,238,238,0,0,238,238,0,0,0.279822268907563,0.32394999999999996,0.8048,59.19035592810285,63.16022420750642,134,232,0,51.38832366876621,55.447555788764745,77.18945748529181,60,0.25210084033613445,30,0,46.70710431316423,48.44518894065489,77.07017527943856,53,0.22268907563025211,28,0
2,baseline_g1_7,seed2,full,0,0,0,0,0,0,0,0,,,,,,0,0,0,,,,0,,0,0,,,,0,,0,0
2,baseline_g1_7,seed3,all,217,217,0,0,217,217,0,0,0.2680193548387097,0.3108,0.6592,60.35566849762163,63.61341700608105,136,210,0,51.96723524418396,54.76183063634231,79.54612455659745,52,0.23963133640552994,28,0,46.93417529212136,49.06253323718955,76.81889964527797,46,0.2119815668202765,24,0
2,baseline_g1_7,seed3,partial,217,217,0,0,217,217,0,0,0.2680193548387097,0.3108,0.6592,60.35566849762163,63.61341700608105,136,210,0,51.96723524418396,54.76183063634231,79.54612455659745,52,0.23963133640552994,28,0,46.93417529212136,49.06253323718955,76.81889964527797,46,0.2119815668202765,24,0
2,baseline_g1_7,seed3,full,0,0,0,0,0,0,0,0,,,,,,0,0,0,,,,0,,0,0,,,,0,,0,0
2,baseline_g1_7,selected_confirmations_pooled,all,456,455,1,0,455,455,0,1,0.27419318681318683,0.3146,0.8048,59.74612038433489,63.470456533755126,182,240,0,51.66441995858083,55.278391737720256,79.54612455659745,112,0.24561403508771928,36,0,46.8153997031284,48.50160078423961,77.07017527943856,99,0.21710526315789475,33,0
2,baseline_g1_7,selected_confirmations_pooled,partial,455,455,0,0,455,455,0,0,0.27419318681318683,0.3146,0.8048,59.74612038433489,63.470456533755126,182,239,0,51.66441995858083,55.278391737720256,79.54612455659745,112,0.24615384615384617,36,0,46.8153997031284,48.50160078423961,77.07017527943856,99,0.2175824175824176,33,0
2,baseline_g1_7,selected_confirmations_pooled,full,0,0,0,0,0,0,0,0,,,,,,0,0,0,,,,0,,0,0,,,,0,,0,0
2,baseline_g1_7,verified_same_genome_confirmations,all,448,447,1,0,447,447,0,1,0.2743185682326622,0.3162,0.8048,59.52039474901597,63.34394978834269,178,233,0,51.49826026757853,55.24395514523334,79.54612455659745,110,0.24553571428571427,35,0,46.68497957871607,48.27578743013356,77.07017527943856,98,0.21875,33,0
2,baseline_g1_7,verified_same_genome_confirmations,partial,447,447,0,0,447,447,0,0,0.2743185682326622,0.3162,0.8048,59.52039474901597,63.34394978834269,178,232,0,51.49826026757853,55.24395514523334,79.54612455659745,110,0.24608501118568232,35,0,46.68497957871607,48.27578743013356,77.07017527943856,98,0.21923937360178972,33,0
2,baseline_g1_7,verified_same_genome_confirmations,full,0,0,0,0,0,0,0,0,,,,,,0,0,0,,,,0,,0,0,,,,0,,0,0
2,transition_g8,screen,all,82,80,1,1,80,80,0,2,0.32273875,0.3823,0.6535,58.14662225757757,63.3723349727939,48,70,0,51.678435443183176,57.75758475608559,78.69323214120251,27,0.32926829268292684,13,0,47.79752335454654,53.9404893611288,73.76695417353886,22,0.2682926829268293,11,0
2,transition_g8,screen,partial,80,80,0,0,80,80,0,0,0.32273875,0.3823,0.6535,58.14662225757757,63.3723349727939,48,68,0,51.678435443183176,57.75758475608559,78.69323214120251,27,0.3375,13,0,47.79752335454654,53.9404893611288,73.76695417353886,22,0.275,11,0
2,transition_g8,screen,full,0,0,0,0,0,0,0,0,,,,,,0,0,0,,,,0,,0,0,,,,0,,0,0
2,transition_g8,seed2,all,19,19,0,0,19,19,0,0,0.22077894736842107,0.0564,0.6824,55.55163828898226,49.087853370585755,18,18,0,47.18320240094722,40.266885440470766,74.81075555867567,7,0.3684210526315789,6,0,42.1621408681262,35.697508352376616,72.63663610827167,6,0.3157894736842105,5,0
2,transition_g8,seed2,partial,19,19,0,0,19,19,0,0,0.22077894736842107,0.0564,0.6824,55.55163828898226,49.087853370585755,18,18,0,47.18320240094722,40.266885440470766,74.81075555867567,7,0.3684210526315789,6,0,42.1621408681262,35.697508352376616,72.63663610827167,6,0.3157894736842105,5,0
2,transition_g8,seed2,full,0,0,0,0,0,0,0,0,,,,,,0,0,0,,,,0,,0,0,,,,0,,0,0
2,transition_g8,seed3,all,19,19,0,0,19,19,0,0,0.2142,0.0614,0.6246,54.167517371748495,48.38205344265372,18,18,0,45.98063802881138,37.98022862800068,76.44908612774213,5,0.2631578947368421,4,0,41.0685104230491,31.742182902400543,73.65126890219372,5,0.2631578947368421,4,0
2,transition_g8,seed3,partial,19,19,0,0,19,19,0,0,0.2142,0.0614,0.6246,54.167517371748495,48.38205344265372,18,18,0,45.98063802881138,37.98022862800068,76.44908612774213,5,0.2631578947368421,4,0,41.0685104230491,31.742182902400543,73.65126890219372,5,0.2631578947368421,4,0
2,transition_g8,seed3,full,0,0,0,0,0,0,0,0,,,,,,0,0,0,,,,0,,0,0,,,,0,,0,0
2,transition_g8,selected_confirmations_pooled,all,38,38,0,0,38,38,0,0,0.21748947368421054,0.0589,0.6824,54.85957783036538,48.73495340661974,25,18,0,46.5819202148793,39.41013773420504,76.44908612774213,12,0.3157894736842105,7,0,41.615325645587646,33.96511018736403,73.65126890219372,11,0.2894736842105263,6,0
2,transition_g8,selected_confirmations_pooled,partial,38,38,0,0,38,38,0,0,0.21748947368421054,0.0589,0.6824,54.85957783036538,48.73495340661974,25,18,0,46.5819202148793,39.41013773420504,76.44908612774213,12,0.3157894736842105,7,0,41.615325645587646,33.96511018736403,73.65126890219372,11,0.2894736842105263,6,0
2,transition_g8,selected_confirmations_pooled,full,0,0,0,0,0,0,0,0,,,,,,0,0,0,,,,0,,0,0,,,,0,,0,0
2,transition_g8,verified_same_genome_confirmations,all,38,38,0,0,38,38,0,0,0.21748947368421054,0.0589,0.6824,54.85957783036538,48.73495340661974,25,18,0,46.5819202148793,39.41013773420504,76.44908612774213,12,0.3157894736842105,7,0,41.615325645587646,33.96511018736403,73.65126890219372,11,0.2894736842105263,6,0
2,transition_g8,verified_same_genome_confirmations,partial,38,38,0,0,38,38,0,0,0.21748947368421054,0.0589,0.6824,54.85957783036538,48.73495340661974,25,18,0,46.5819202148793,39.41013773420504,76.44908612774213,12,0.3157894736842105,7,0,41.615325645587646,33.96511018736403,73.65126890219372,11,0.2894736842105263,6,0
2,transition_g8,verified_same_genome_confirmations,full,0,0,0,0,0,0,0,0,,,,,,0,0,0,,,,0,,0,0,,,,0,,0,0
2,late_g9_12,screen,all,277,262,12,3,262,262,0,15,0.30063740458015265,0.36595,0.7038,56.47492344546913,62.03225971037669,127,266,0,49.87212769860566,54.057130361159494,79.23685663762029,66,0.23826714801444043,31,0,45.910450250487585,50.46806671695982,76.3971654745781,56,0.20216606498194944,27,0
2,late_g9_12,screen,partial,262,262,0,0,262,262,0,0,0.30063740458015265,0.36595,0.7038,56.47492344546913,62.03225971037669,127,251,0,49.87212769860566,54.057130361159494,79.23685663762029,66,0.25190839694656486,31,0,45.910450250487585,50.46806671695982,76.3971654745781,56,0.21374045801526717,27,0
2,late_g9_12,screen,full,0,0,0,0,0,0,0,0,,,,,,0,0,0,,,,0,,0,0,,,,0,,0,0
2,late_g9_12,seed2,all,67,67,0,0,67,67,0,0,0.2216402985074627,0.1037,0.7123,52.61475917315673,51.87813183208244,59,66,0,45.00207684255411,46.63247087364334,80.97484941872247,12,0.1791044776119403,11,0,40.43446744419254,40.708129630534465,77.29387953497798,11,0.16417910447761194,10,0
2,late_g9_12,seed2,partial,67,67,0,0,67,67,0,0,0.2216402985074627,0.1037,0.7123,52.61475917315673,51.87813183208244,59,66,0,45.00207684255411,46.63247087364334,80.97484941872247,12,0.1791044776119403,11,0,40.43446744419254,40.708129630534465,77.29387953497798,11,0.16417910447761194,10,0
2,late_g9_12,seed2,full,0,0,0,0,0,0,0,0,,,,,,0,0,0,,,,0,,0,0,,,,0,,0,0
2,late_g9_12,seed3,all,65,65,0,0,65,65,0,0,0.2198446153846154,0.0824,0.6606,52.65843397048649,52.99315596176577,58,64,0,44.98994086248025,46.56814903856122,76.81008392470758,11,0.16923076923076924,10,0,40.38884499767651,41.2116777265218,73.65126890219372,10,0.15384615384615385,9,0
2,late_g9_12,seed3,partial,65,65,0,0,65,65,0,0,0.2198446153846154,0.0824,0.6606,52.65843397048649,52.99315596176577,58,64,0,44.98994086248025,46.56814903856122,76.81008392470758,11,0.16923076923076924,10,0,40.38884499767651,41.2116777265218,73.65126890219372,10,0.15384615384615385,9,0
2,late_g9_12,seed3,full,0,0,0,0,0,0,0,0,,,,,,0,0,0,,,,0,,0,0,,,,0,,0,0
2,late_g9_12,selected_confirmations_pooled,all,132,132,0,0,132,132,0,0,0.2207560606060606,0.09834999999999999,0.7123,52.63626570214487,52.157010054313304,84,66,0,44.99610079176016,46.57670576657195,80.97484941872247,23,0.17424242424242425,14,0,40.412001845529346,40.959903678528136,77.29387953497798,21,0.1590909090909091,13,0
2,late_g9_12,selected_confirmations_pooled,partial,132,132,0,0,132,132,0,0,0.2207560606060606,0.09834999999999999,0.7123,52.63626570214487,52.157010054313304,84,66,0,44.99610079176016,46.57670576657195,80.97484941872247,23,0.17424242424242425,14,0,40.412001845529346,40.959903678528136,77.29387953497798,21,0.1590909090909091,13,0
2,late_g9_12,selected_confirmations_pooled,full,0,0,0,0,0,0,0,0,,,,,,0,0,0,,,,0,,0,0,,,,0,,0,0
2,late_g9_12,verified_same_genome_confirmations,all,132,132,0,0,132,132,0,0,0.2207560606060606,0.09834999999999999,0.7123,52.63626570214487,52.157010054313304,84,66,0,44.99610079176016,46.57670576657195,80.97484941872247,23,0.17424242424242425,14,0,40.412001845529346,40.959903678528136,77.29387953497798,21,0.1590909090909091,13,0
2,late_g9_12,verified_same_genome_confirmations,partial,132,132,0,0,132,132,0,0,0.2207560606060606,0.09834999999999999,0.7123,52.63626570214487,52.157010054313304,84,66,0,44.99610079176016,46.57670576657195,80.97484941872247,23,0.17424242424242425,14,0,40.412001845529346,40.959903678528136,77.29387953497798,21,0.1590909090909091,13,0
2,late_g9_12,verified_same_genome_confirmations,full,0,0,0,0,0,0,0,0,,,,,,0,0,0,,,,0,,0,0,,,,0,,0,0
2,continuation_g8_12,screen,all,359,342,13,4,342,342,0,17,0.30580730994152044,0.37175,0.7038,56.86596410327227,62.694153493786736,141,333,0,50.294655825992216,55.07846476071691,79.23685663762029,93,0.2590529247910863,33,0,46.35187085962418,51.75775646837732,76.3971654745781,78,0.21727019498607242,29,0
2,continuation_g8_12,screen,partial,342,342,0,0,342,342,0,0,0.30580730994152044,0.37175,0.7038,56.86596410327227,62.694153493786736,141,316,0,50.294655825992216,55.07846476071691,79.23685663762029,93,0.2719298245614035,33,0,46.35187085962418,51.75775646837732,76.3971654745781,78,0.22807017543859648,29,0
2,continuation_g8_12,screen,full,0,0,0,0,0,0,0,0,,,,,,0,0,0,,,,0,,0,0,,,,0,,0,0
2,continuation_g8_12,seed2,all,86,86,0,0,86,86,0,0,0.22145,0.0852,0.7123,53.26360455921121,51.56141984228384,71,83,0,45.48395341940841,46.03384758914575,80.97484941872247,19,0.22093023255813954,14,0,40.816162735526724,40.52218877252663,77.29387953497798,17,0.19767441860465115,12,0
2,continuation_g8_12,seed2,partial,86,86,0,0,86,86,0,0,0.22145,0.0852,0.7123,53.26360455921121,51.56141984228384,71,83,0,45.48395341940841,46.03384758914575,80.97484941872247,19,0.22093023255813954,14,0,40.816162735526724,40.52218877252663,77.29387953497798,17,0.19767441860465115,12,0
2,continuation_g8_12,seed2,full,0,0,0,0,0,0,0,0,,,,,,0,0,0,,,,0,,0,0,,,,0,,0,0
2,continuation_g8_12,seed3,all,84,84,0,0,84,84,0,0,0.21856785714285715,0.06815,0.6606,52.999774263629085,52.621231824382875,72,81,0,45.214027126293246,46.360715394858474,76.81008392470758,16,0.19047619047619047,12,0,40.54257884389174,40.38759903796164,73.65126890219372,15,0.17857142857142858,12,0
2,continuation_g8_12,seed3,partial,84,84,0,0,84,84,0,0,0.21856785714285715,0.06815,0.6606,52.999774263629085,52.621231824382875,72,81,0,45.214027126293246,46.360715394858474,76.81008392470758,16,0.19047619047619047,12,0,40.54257884389174,40.38759903796164,73.65126890219372,15,0.17857142857142858,12,0
2,continuation_g8_12,seed3,full,0,0,0,0,0,0,0,0,,,,,,0,0,0,,,,0,,0,0,,,,0,,0,0
2,continuation_g8_12,selected_confirmations_pooled,all,170,170,0,0,170,170,0,0,0.22002588235294118,0.07595,0.7123,53.13324135433534,52.04701335361785,103,83,0,45.35057807457503,46.360715394858474,80.97484941872247,35,0.20588235294117646,18,0,40.68098010671885,40.389333985195826,77.29387953497798,32,0.18823529411764706,16,0
2,continuation_g8_12,selected_confirmations_pooled,partial,170,170,0,0,170,170,0,0,0.22002588235294118,0.07595,0.7123,53.13324135433534,52.04701335361785,103,83,0,45.35057807457503,46.360715394858474,80.97484941872247,35,0.20588235294117646,18,0,40.68098010671885,40.389333985195826,77.29387953497798,32,0.18823529411764706,16,0
2,continuation_g8_12,selected_confirmations_pooled,full,0,0,0,0,0,0,0,0,,,,,,0,0,0,,,,0,,0,0,,,,0,,0,0
2,continuation_g8_12,verified_same_genome_confirmations,all,170,170,0,0,170,170,0,0,0.22002588235294118,0.07595,0.7123,53.13324135433534,52.04701335361785,103,83,0,45.35057807457503,46.360715394858474,80.97484941872247,35,0.20588235294117646,18,0,40.68098010671885,40.389333985195826,77.29387953497798,32,0.18823529411764706,16,0
2,continuation_g8_12,verified_same_genome_confirmations,partial,170,170,0,0,170,170,0,0,0.22002588235294118,0.07595,0.7123,53.13324135433534,52.04701335361785,103,83,0,45.35057807457503,46.360715394858474,80.97484941872247,35,0.20588235294117646,18,0,40.68098010671885,40.389333985195826,77.29387953497798,32,0.18823529411764706,16,0
2,continuation_g8_12,verified_same_genome_confirmations,full,0,0,0,0,0,0,0,0,,,,,,0,0,0,,,,0,,0,0,,,,0,,0,0
2,all_g1_12,screen,all,1045,904,86,55,904,896,8,141,0.2833606194690266,0.32445,0.7576,54.9806883706733,62.76260073535991,230,967,7,48.31953176473064,54.71928178829582,79.23685663762029,235,0.22488038277511962,51,2,44.32283780116504,50.46806671695982,76.3971654745781,201,0.1923444976076555,42,1
2,all_g1_12,screen,partial,896,896,0,0,896,896,0,0,0.2821324776785714,0.32320000000000004,0.7576,54.874868229953094,62.69559847783172,224,825,0,48.209463114429106,54.302958780004914,79.23685663762029,233,0.26004464285714285,49,0,44.21022004511471,50.29259792897106,76.3971654745781,200,0.22321428571428573,41,0
2,all_g1_12,screen,full,8,8,0,0,8,0,8,0,0.4209125,0.40354999999999996,0.5673,66.83254413133643,65.89424588064529,6,7,7,60.64722059850232,60.371854121057396,70.20738417665058,2,0.25,2,2,56.93602647880186,55.227603528209045,64.08390734132047,1,0.125,1,1
2,all_g1_12,seed2,all,325,324,1,0,324,324,0,1,0.2643283950617284,0.28705,0.8048,57.61720587339705,61.017318744222536,178,312,0,49.821114281590994,52.986979267123985,80.97484941872247,79,0.24307692307692308,37,0,45.14345932650736,46.9380218169909,77.29387953497798,70,0.2153846153846154,34,0
2,all_g1_12,seed2,partial,324,324,0,0,324,324,0,0,0.2643283950617284,0.28705,0.8048,57.61720587339705,61.017318744222536,178,311,0,49.821114281590994,52.986979267123985,80.97484941872247,79,0.24382716049382716,37,0,45.14345932650736,46.9380218169909,77.29387953497798,70,0.21604938271604937,34,0
2,all_g1_12,seed2,full,0,0,0,0,0,0,0,0,,,,,,0,0,0,,,,0,,0,0,,,,0,,0,0
2,all_g1_12,seed3,all,301,301,0,0,301,301,0,0,0.2542189368770764,0.2775,0.6606,58.30286080441441,61.147536163097,171,287,0,50.08261902523772,52.123725434289376,79.54612455659745,68,0.22591362126245848,33,0,45.1504739577317,47.449801107844564,76.81889964527797,61,0.2026578073089701,29,0
2,all_g1_12,seed3,partial,301,301,0,0,301,301,0,0,0.2542189368770764,0.2775,0.6606,58.30286080441441,61.147536163097,171,287,0,50.08261902523772,52.123725434289376,79.54612455659745,68,0.22591362126245848,33,0,45.1504739577317,47.449801107844564,76.81889964527797,61,0.2026578073089701,29,0
2,all_g1_12,seed3,full,0,0,0,0,0,0,0,0,,,,,,0,0,0,,,,0,,0,0,,,,0,,0,0
2,all_g1_12,selected_confirmations_pooled,all,626,625,1,0,625,625,0,1,0.25945968,0.2793,0.8048,57.947417288175004,61.113404089348954,237,319,0,49.947054966131255,52.67483397798287,80.97484941872247,147,0.23482428115015974,43,0,45.14683757290501,47.03565015620343,77.29387953497798,131,0.20926517571884984,40,0
2,all_g1_12,selected_confirmations_pooled,partial,625,625,0,0,625,625,0,0,0.25945968,0.2793,0.8048,57.947417288175004,61.113404089348954,237,318,0,49.947054966131255,52.67483397798287,80.97484941872247,147,0.2352,43,0,45.14683757290501,47.03565015620343,77.29387953497798,131,0.2096,40,0
2,all_g1_12,selected_confirmations_pooled,full,0,0,0,0,0,0,0,0,,,,,,0,0,0,,,,0,,0,0,,,,0,,0,0
2,all_g1_12,verified_same_genome_confirmations,all,618,617,1,0,617,617,0,1,0.2593594813614263,0.2796,0.8048,57.76056318159991,61.01527770250168,234,312,0,49.804409420235594,52.23587398856378,80.97484941872247,145,0.23462783171521034,43,0,45.030717163416995,46.93628713888827,77.29387953497798,130,0.21035598705501618,40,0
2,all_g1_12,verified_same_genome_confirmations,partial,617,617,0,0,617,617,0,0,0.2593594813614263,0.2796,0.8048,57.76056318159991,61.01527770250168,234,311,0,49.804409420235594,52.23587398856378,80.97484941872247,145,0.23500810372771475,43,0,45.030717163416995,46.93628713888827,77.29387953497798,130,0.2106969205834684,40,0
2,all_g1_12,verified_same_genome_confirmations,full,0,0,0,0,0,0,0,0,,,,,,0,0,0,,,,0,,0,0,,,,0,,0,0
2,atlas_gen0_import,screen,all,3,3,0,0,3,0,3,0,0.25443333333333334,0.2521,0.2742,33.61760937718102,34.12776898566979,3,3,3,31.574040366219098,31.89832673925234,36.83175411768148,0,0.0,0,0,30.347898959641945,30.560661391401872,34.949403294145185,0,0.0,0,0
2,atlas_gen0_import,screen,partial,0,0,0,0,0,0,0,0,,,,,,0,0,0,,,,0,,0,0,,,,0,,0,0
2,atlas_gen0_import,screen,full,3,3,0,0,3,0,3,0,0.25443333333333334,0.2521,0.2742,33.61760937718102,34.12776898566979,3,3,3,31.574040366219098,31.89832673925234,36.83175411768148,0,0.0,0,0,30.347898959641945,30.560661391401872,34.949403294145185,0,0.0,0,0
2,c9_backfill_import,c9fill,all,80,80,0,0,80,80,0,0,0.34887625,0.43875,0.6252,67.3867286525683,68.79086828231195,62,80,0,59.26195273942622,61.88171607398544,76.97664703650436,34,0.425,26,0,54.38708719154097,56.18431063659092,73.1473176292035,33,0.4125,25,0
2,c9_backfill_import,c9fill,partial,80,80,0,0,80,80,0,0,0.34887625,0.43875,0.6252,67.3867286525683,68.79086828231195,62,80,0,59.26195273942622,61.88171607398544,76.97664703650436,34,0.425,26,0,54.38708719154097,56.18431063659092,73.1473176292035,33,0.4125,25,0
2,c9_backfill_import,c9fill,full,0,0,0,0,0,0,0,0,,,,,,0,0,0,,,,0,,0,0,,,,0,,0,0
both,baseline_g1_7,screen,all,1376,1127,156,93,1127,1114,13,249,0.26209290150842945,0.2935,0.7576,55.16039641532856,64.08059025775987,259,1278,12,47.92261984920716,55.20118775067719,80.95316577068337,281,0.20421511627906977,59,6,43.57995390953432,49.57812237222622,77.3525326165467,241,0.1751453488372093,51,4
both,baseline_g1_7,screen,partial,1114,1114,0,0,1114,1114,0,0,0.25991526032315976,0.29195000000000004,0.7576,54.98960638843051,63.980648646801754,250,1030,0,47.74008629940188,54.94029416478752,80.95316577068337,275,0.24685816876122083,55,0,43.390374245984695,49.294523370341096,77.3525326165467,237,0.2127468581687612,48,0
both,baseline_g1_7,screen,full,13,13,0,0,13,0,13,0,0.4487,0.4143,0.6979,69.79578795105397,71.26463792269367,9,9,12,63.564340963290476,62.923401346170266,72.40459978158677,6,0.46153846153846156,4,6,59.82547277063238,59.206782753616196,71.8816798252694,4,0.3076923076923077,3,4
both,baseline_g1_7,seed2,all,496,495,1,0,495,495,0,1,0.2623422222222222,0.2828,0.8048,59.801869318000826,64.27983555864071,213,476,0,51.40995754405618,55.335994553423745,77.88911561975847,120,0.24193548387096775,49,0,46.37481047968939,48.428068122778946,77.07017527943856,104,0.20967741935483872,42,0
both,baseline_g1_7,seed2,partial,495,495,0,0,495,495,0,0,0.2623422222222222,0.2828,0.8048,59.801869318000826,64.27983555864071,213,475,0,51.40995754405618,55.335994553423745,77.88911561975847,120,0.24242424242424243,49,0,46.37481047968939,48.428068122778946,77.07017527943856,104,0.2101010101010101,42,0
both,baseline_g1_7,seed2,full,0,0,0,0,0,0,0,0,,,,,,0,0,0,,,,0,,0,0,,,,0,,0,0
both,baseline_g1_7,seed3,all,446,446,0,0,446,446,0,0,0.2629390134529148,0.27945,0.8504,60.90465390048601,64.58923384584757,211,428,0,52.25196576168738,54.815283321872585,82.3327196684081,115,0.257847533632287,51,0,47.060352878408196,48.278530163812306,78.94939259564032,98,0.21973094170403587,43,0
both,baseline_g1_7,seed3,partial,446,446,0,0,446,446,0,0,0.2629390134529148,0.27945,0.8504,60.90465390048601,64.58923384584757,211,428,0,52.25196576168738,54.815283321872585,82.3327196684081,115,0.257847533632287,51,0,47.060352878408196,48.278530163812306,78.94939259564032,98,0.21973094170403587,43,0
both,baseline_g1_7,seed3,full,0,0,0,0,0,0,0,0,,,,,,0,0,0,,,,0,,0,0,,,,0,,0,0
both,baseline_g1_7,selected_confirmations_pooled,all,942,941,1,0,941,941,0,1,0.2626250797024442,0.2797,0.8504,60.32454936453472,64.41062328157456,274,485,0,51.80903901596214,55.24395514523334,82.3327196684081,235,0.2494692144373673,60,0,46.699732806818595,48.311462621297665,78.94939259564032,202,0.21443736730360935,53,0
both,baseline_g1_7,selected_confirmations_pooled,partial,941,941,0,0,941,941,0,0,0.2626250797024442,0.2797,0.8504,60.32454936453472,64.41062328157456,274,484,0,51.80903901596214,55.24395514523334,82.3327196684081,235,0.24973432518597238,60,0,46.699732806818595,48.311462621297665,78.94939259564032,202,0.2146652497343252,53,0
both,baseline_g1_7,selected_confirmations_pooled,full,0,0,0,0,0,0,0,0,,,,,,0,0,0,,,,0,,0,0,,,,0,,0,0
both,baseline_g1_7,verified_same_genome_confirmations,all,931,930,1,0,930,930,0,1,0.2618501075268817,0.27965,0.8504,60.20359354340043,64.35628358389829,270,476,0,51.698947845722365,54.869022564623364,82.3327196684081,232,0.24919441460794844,60,0,46.59616042711553,48.27578743013356,78.94939259564032,200,0.21482277121374865,53,0
both,baseline_g1_7,verified_same_genome_confirmations,partial,930,930,0,0,930,930,0,0,0.2618501075268817,0.27965,0.8504,60.20359354340043,64.35628358389829,270,475,0,51.698947845722365,54.869022564623364,82.3327196684081,232,0.24946236559139784,60,0,46.59616042711553,48.27578743013356,78.94939259564032,200,0.21505376344086022,53,0
both,baseline_g1_7,verified_same_genome_confirmations,full,0,0,0,0,0,0,0,0,,,,,,0,0,0,,,,0,,0,0,,,,0,,0,0
both,transition_g8,screen,all,163,156,5,2,156,156,0,7,0.30159807692307694,0.3692,0.7,56.024998566594896,62.531421724695164,88,145,0,49.55870084802309,55.083858905801634,78.69323214120251,49,0.3006134969325153,21,0,45.67892221688001,52.558448333912786,74.06333114437204,38,0.2331288343558282,17,0
both,transition_g8,screen,partial,156,156,0,0,156,156,0,0,0.30159807692307694,0.3692,0.7,56.024998566594896,62.531421724695164,88,138,0,49.55870084802309,55.083858905801634,78.69323214120251,49,0.3141025641025641,21,0,45.67892221688001,52.558448333912786,74.06333114437204,38,0.24358974358974358,17,0
both,transition_g8,screen,full,0,0,0,0,0,0,0,0,,,,,,0,0,0,,,,0,,0,0,,,,0,,0,0
both,transition_g8,seed2,all,47,47,0,0,47,47,0,0,0.17903191489361703,0.0564,0.6824,50.71507210363861,49.087853370585755,42,46,0,42.512101950069386,40.266885440470766,74.81075555867567,9,0.19148936170212766,8,0,37.590319857927845,35.697508352376616,72.63663610827167,8,0.1702127659574468,7,0
both,transition_g8,seed2,partial,47,47,0,0,47,47,0,0,0.17903191489361703,0.0564,0.6824,50.71507210363861,49.087853370585755,42,46,0,42.512101950069386,40.266885440470766,74.81075555867567,9,0.19148936170212766,8,0,37.590319857927845,35.697508352376616,72.63663610827167,8,0.1702127659574468,7,0
both,transition_g8,seed2,full,0,0,0,0,0,0,0,0,,,,,,0,0,0,,,,0,,0,0,,,,0,,0,0
both,transition_g8,seed3,all,46,46,0,0,46,46,0,0,0.18996521739130434,0.06620000000000001,0.6347,51.99664454670791,51.90575275861957,40,45,0,43.746613844813545,41.1831630236659,82.3327196684081,8,0.17391304347826086,7,0,38.79659542367692,34.942942202796814,78.56017573472647,8,0.17391304347826086,7,0
both,transition_g8,seed3,partial,46,46,0,0,46,46,0,0,0.18996521739130434,0.06620000000000001,0.6347,51.99664454670791,51.90575275861957,40,45,0,43.746613844813545,41.1831630236659,82.3327196684081,8,0.17391304347826086,7,0,38.79659542367692,34.942942202796814,78.56017573472647,8,0.17391304347826086,7,0
both,transition_g8,seed3,full,0,0,0,0,0,0,0,0,,,,,,0,0,0,,,,0,,0,0,,,,0,,0,0
both,transition_g8,selected_confirmations_pooled,all,93,93,0,0,93,93,0,0,0.18443978494623656,0.0645,0.6824,51.348968150748156,49.087853370585755,63,46,0,43.122720736717035,40.266885440470766,82.3327196684081,17,0.1827956989247312,12,0,38.18697228829836,35.697508352376616,78.56017573472647,16,0.17204301075268819,11,0
both,transition_g8,selected_confirmations_pooled,partial,93,93,0,0,93,93,0,0,0.18443978494623656,0.0645,0.6824,51.348968150748156,49.087853370585755,63,46,0,43.122720736717035,40.266885440470766,82.3327196684081,17,0.1827956989247312,12,0,38.18697228829836,35.697508352376616,78.56017573472647,16,0.17204301075268819,11,0
both,transition_g8,selected_confirmations_pooled,full,0,0,0,0,0,0,0,0,,,,,,0,0,0,,,,0,,0,0,,,,0,,0,0
both,transition_g8,verified_same_genome_confirmations,all,93,93,0,0,93,93,0,0,0.18443978494623656,0.0645,0.6824,51.348968150748156,49.087853370585755,63,46,0,43.122720736717035,40.266885440470766,82.3327196684081,17,0.1827956989247312,12,0,38.18697228829836,35.697508352376616,78.56017573472647,16,0.17204301075268819,11,0
both,transition_g8,verified_same_genome_confirmations,partial,93,93,0,0,93,93,0,0,0.18443978494623656,0.0645,0.6824,51.348968150748156,49.087853370585755,63,46,0,43.122720736717035,40.266885440470766,82.3327196684081,17,0.1827956989247312,12,0,38.18697228829836,35.697508352376616,78.56017573472647,16,0.17204301075268819,11,0
both,transition_g8,verified_same_genome_confirmations,full,0,0,0,0,0,0,0,0,,,,,,0,0,0,,,,0,,0,0,,,,0,,0,0
both,late_g9_12,screen,all,560,523,25,12,523,523,0,37,0.28695736137667305,0.333,0.8185,55.273994963424286,61.43507320845016,203,541,0,48.629430256985046,52.940207423756036,79.98547682431094,137,0.24464285714285713,47,0,44.64269143312149,49.39792804522126,78.6137524063647,121,0.21607142857142858,41,0
both,late_g9_12,screen,partial,523,523,0,0,523,523,0,0,0.28695736137667305,0.333,0.8185,55.273994963424286,61.43507320845016,203,504,0,48.629430256985046,52.940207423756036,79.98547682431094,137,0.26195028680688337,47,0,44.64269143312149,49.39792804522126,78.6137524063647,121,0.23135755258126195,41,0
both,late_g9_12,screen,full,0,0,0,0,0,0,0,0,,,,,,0,0,0,,,,0,,0,0,,,,0,,0,0
both,late_g9_12,seed2,all,151,151,0,0,151,151,0,0,0.22427814569536425,0.1037,0.8854,51.68267996937318,50.71129828637688,121,149,0,44.368963619414,43.574444194332024,83.17173990497955,32,0.2119205298013245,25,0,39.980733809438476,40.0121579249233,84.24539192398363,30,0.1986754966887417,23,0
both,late_g9_12,seed2,partial,151,151,0,0,151,151,0,0,0.22427814569536425,0.1037,0.8854,51.68267996937318,50.71129828637688,121,149,0,44.368963619414,43.574444194332024,83.17173990497955,32,0.2119205298013245,25,0,39.980733809438476,40.0121579249233,84.24539192398363,30,0.1986754966887417,23,0
both,late_g9_12,seed2,full,0,0,0,0,0,0,0,0,,,,,,0,0,0,,,,0,,0,0,,,,0,,0,0
both,late_g9_12,seed3,all,145,145,0,0,145,145,0,0,0.23090206896551724,0.0919,0.8895,52.40511303948423,53.350598958558116,119,143,0,45.0763865037511,46.56814903856122,81.07557484484799,30,0.20689655172413793,23,0,40.67915058231122,41.11479620497304,82.6504598758784,28,0.19310344827586207,21,0
both,late_g9_12,seed3,partial,145,145,0,0,145,145,0,0,0.23090206896551724,0.0919,0.8895,52.40511303948423,53.350598958558116,119,143,0,45.0763865037511,46.56814903856122,81.07557484484799,30,0.20689655172413793,23,0,40.67915058231122,41.11479620497304,82.6504598758784,28,0.19310344827586207,21,0
both,late_g9_12,seed3,full,0,0,0,0,0,0,0,0,,,,,,0,0,0,,,,0,,0,0,,,,0,,0,0
both,late_g9_12,selected_confirmations_pooled,all,296,296,0,0,296,296,0,0,0.22752297297297297,0.09834999999999999,0.8895,52.03657454763704,51.90361129666539,172,149,0,44.715505235052106,45.605793052108986,83.17173990497955,62,0.20945945945945946,35,0,40.322863647501144,40.57527484320366,84.24539192398363,58,0.19594594594594594,33,0
both,late_g9_12,selected_confirmations_pooled,partial,296,296,0,0,296,296,0,0,0.22752297297297297,0.09834999999999999,0.8895,52.03657454763704,51.90361129666539,172,149,0,44.715505235052106,45.605793052108986,83.17173990497955,62,0.20945945945945946,35,0,40.322863647501144,40.57527484320366,84.24539192398363,58,0.19594594594594594,33,0
both,late_g9_12,selected_confirmations_pooled,full,0,0,0,0,0,0,0,0,,,,,,0,0,0,,,,0,,0,0,,,,0,,0,0
both,late_g9_12,verified_same_genome_confirmations,all,296,296,0,0,296,296,0,0,0.22752297297297297,0.09834999999999999,0.8895,52.03657454763704,51.90361129666539,172,149,0,44.715505235052106,45.605793052108986,83.17173990497955,62,0.20945945945945946,35,0,40.322863647501144,40.57527484320366,84.24539192398363,58,0.19594594594594594,33,0
both,late_g9_12,verified_same_genome_confirmations,partial,296,296,0,0,296,296,0,0,0.22752297297297297,0.09834999999999999,0.8895,52.03657454763704,51.90361129666539,172,149,0,44.715505235052106,45.605793052108986,83.17173990497955,62,0.20945945945945946,35,0,40.322863647501144,40.57527484320366,84.24539192398363,58,0.19594594594594594,33,0
both,late_g9_12,verified_same_genome_confirmations,full,0,0,0,0,0,0,0,0,,,,,,0,0,0,,,,0,,0,0,,,,0,,0,0
both,continuation_g8_12,screen,all,723,679,30,14,679,679,0,44,0.29032106038291605,0.3407,0.8185,55.446537764741834,61.83122195385755,224,678,0,48.842929833129276,53.32117704190476,79.98547682431094,186,0.2572614107883817,50,0,44.880765074161744,49.627188690655046,78.6137524063647,159,0.21991701244813278,45,0
both,continuation_g8_12,screen,partial,679,679,0,0,679,679,0,0,0.29032106038291605,0.3407,0.8185,55.446537764741834,61.83122195385755,224,634,0,48.842929833129276,53.32117704190476,79.98547682431094,186,0.27393225331369664,50,0,44.880765074161744,49.627188690655046,78.6137524063647,159,0.2341678939617084,45,0
both,continuation_g8_12,screen,full,0,0,0,0,0,0,0,0,,,,,,0,0,0,,,,0,,0,0,,,,0,,0,0
both,continuation_g8_12,seed2,all,198,198,0,0,198,198,0,0,0.21353787878787878,0.0853,0.8854,51.452995273971545,50.48513891366499,149,192,0,43.92819342517563,42.825317414605905,83.17173990497955,41,0.20707070707070707,29,0,39.413312315898075,37.55147187950672,84.24539192398363,38,0.1919191919191919,26,0
both,continuation_g8_12,seed2,partial,198,198,0,0,198,198,0,0,0.21353787878787878,0.0853,0.8854,51.452995273971545,50.48513891366499,149,192,0,43.92819342517563,42.825317414605905,83.17173990497955,41,0.20707070707070707,29,0,39.413312315898075,37.55147187950672,84.24539192398363,38,0.1919191919191919,26,0
both,continuation_g8_12,seed2,full,0,0,0,0,0,0,0,0,,,,,,0,0,0,,,,0,,0,0,,,,0,,0,0
both,continuation_g8_12,seed3,all,191,191,0,0,191,191,0,0,0.22104293193717278,0.0837,0.8895,52.30673842865851,53.350598958558116,146,186,0,44.75612711992321,46.15328175115574,82.3327196684081,38,0.19895287958115182,27,0,40.22576033468202,40.23699360417185,82.6504598758784,36,0.18848167539267016,26,0
both,continuation_g8_12,seed3,partial,191,191,0,0,191,191,0,0,0.22104293193717278,0.0837,0.8895,52.30673842865851,53.350598958558116,146,186,0,44.75612711992321,46.15328175115574,82.3327196684081,38,0.19895287958115182,27,0,40.22576033468202,40.23699360417185,82.6504598758784,36,0.18848167539267016,26,0
both,continuation_g8_12,seed3,full,0,0,0,0,0,0,0,0,,,,,,0,0,0,,,,0,,0,0,,,,0,,0,0
both,continuation_g8_12,selected_confirmations_pooled,all,389,389,0,0,389,389,0,0,0.2172228791773779,0.0837,0.8895,51.872185357635324,51.87813183208244,207,192,0,44.33471099766094,45.04362236975089,83.17173990497955,79,0.20308483290488433,40,0,39.81222638167631,39.194897895800715,84.24539192398363,74,0.19023136246786632,37,0
both,continuation_g8_12,selected_confirmations_pooled,partial,389,389,0,0,389,389,0,0,0.2172228791773779,0.0837,0.8895,51.872185357635324,51.87813183208244,207,192,0,44.33471099766094,45.04362236975089,83.17173990497955,79,0.20308483290488433,40,0,39.81222638167631,39.194897895800715,84.24539192398363,74,0.19023136246786632,37,0
both,continuation_g8_12,selected_confirmations_pooled,full,0,0,0,0,0,0,0,0,,,,,,0,0,0,,,,0,,0,0,,,,0,,0,0
both,continuation_g8_12,verified_same_genome_confirmations,all,389,389,0,0,389,389,0,0,0.2172228791773779,0.0837,0.8895,51.872185357635324,51.87813183208244,207,192,0,44.33471099766094,45.04362236975089,83.17173990497955,79,0.20308483290488433,40,0,39.81222638167631,39.194897895800715,84.24539192398363,74,0.19023136246786632,37,0
both,continuation_g8_12,verified_same_genome_confirmations,partial,389,389,0,0,389,389,0,0,0.2172228791773779,0.0837,0.8895,51.872185357635324,51.87813183208244,207,192,0,44.33471099766094,45.04362236975089,83.17173990497955,79,0.20308483290488433,40,0,39.81222638167631,39.194897895800715,84.24539192398363,74,0.19023136246786632,37,0
both,continuation_g8_12,verified_same_genome_confirmations,full,0,0,0,0,0,0,0,0,,,,,,0,0,0,,,,0,,0,0,,,,0,,0,0
both,all_g1_12,screen,all,2099,1806,186,107,1806,1793,13,293,0.27270581395348836,0.30789999999999995,0.8185,55.26797669010797,63.04255683474527,339,1929,12,48.268627866418186,54.48578307584512,80.95316577068337,467,0.22248689852310624,71,6,44.06901857220432,49.60449845345045,78.6137524063647,400,0.19056693663649357,65,4
both,all_g1_12,screen,partial,1793,1793,0,0,1793,1793,0,0,0.2714297824874512,0.3046,0.8185,55.16264398157909,62.94580657320507,330,1638,0,48.157727548370595,54.29219061200802,80.95316577068337,461,0.2571109871723369,67,0,43.954777688445496,49.546753131409716,78.6137524063647,396,0.22085889570552147,62,0
both,all_g1_12,screen,full,13,13,0,0,13,0,13,0,0.4487,0.4143,0.6979,69.79578795105397,71.26463792269367,9,9,12,63.564340963290476,62.923401346170266,72.40459978158677,6,0.46153846153846156,4,6,59.82547277063238,59.206782753616196,71.8816798252694,4,0.3076923076923077,3,4
both,all_g1_12,seed2,all,694,693,1,0,693,693,0,1,0.2483981240981241,0.2238,0.8854,57.41647673399246,61.48993438115819,283,657,0,49.272310652947446,51.62720085982638,83.17173990497955,161,0.23198847262247838,63,0,44.38581100432044,46.74815844311789,84.24539192398363,142,0.20461095100864554,54,0
both,all_g1_12,seed2,partial,693,693,0,0,693,693,0,0,0.2483981240981241,0.2238,0.8854,57.41647673399246,61.48993438115819,283,656,0,49.272310652947446,51.62720085982638,83.17173990497955,161,0.23232323232323232,63,0,44.38581100432044,46.74815844311789,84.24539192398363,142,0.2049062049062049,54,0
both,all_g1_12,seed2,full,0,0,0,0,0,0,0,0,,,,,,0,0,0,,,,0,,0,0,,,,0,,0,0
both,all_g1_12,seed3,all,637,637,0,0,637,637,0,0,0.2503767660910518,0.2269,0.8895,58.32662901018922,62.090865384748284,274,603,0,50.004390909918214,52.33609766288026,82.3327196684081,153,0.2401883830455259,57,0,45.01104804975561,46.69235441028751,82.6504598758784,134,0.21036106750392464,49,0
both,all_g1_12,seed3,partial,637,637,0,0,637,637,0,0,0.2503767660910518,0.2269,0.8895,58.32662901018922,62.090865384748284,274,603,0,50.004390909918214,52.33609766288026,82.3327196684081,153,0.2401883830455259,57,0,45.01104804975561,46.69235441028751,82.6504598758784,134,0.21036106750392464,49,0
both,all_g1_12,seed3,full,0,0,0,0,0,0,0,0,,,,,,0,0,0,,,,0,,0,0,,,,0,,0,0
both,all_g1_12,selected_confirmations_pooled,all,1331,1330,1,0,1330,1330,0,1,0.24934578947368422,0.22475,0.8895,57.85239177153933,61.826298535145646,363,665,0,49.622938565496604,52.09447231104036,83.17173990497955,314,0.2359128474830954,73,0,44.68526664187097,46.70588845571525,84.24539192398363,276,0.20736288504883546,66,0
both,all_g1_12,selected_confirmations_pooled,partial,1330,1330,0,0,1330,1330,0,0,0.24934578947368422,0.22475,0.8895,57.85239177153933,61.826298535145646,363,664,0,49.622938565496604,52.09447231104036,83.17173990497955,314,0.23609022556390977,73,0,44.68526664187097,46.70588845571525,84.24539192398363,276,0.2075187969924812,66,0
both,all_g1_12,selected_confirmations_pooled,full,0,0,0,0,0,0,0,0,,,,,,0,0,0,,,,0,,0,0,,,,0,,0,0
both,all_g1_12,verified_same_genome_confirmations,all,1320,1319,1,0,1319,1319,0,1,0.24868862774829417,0.2232,0.8895,57.746491356696396,61.701936419541795,361,657,0,49.52708421122965,51.86316203444327,83.17173990497955,311,0.2356060606060606,73,0,44.5954399239496,46.66840015744703,84.24539192398363,274,0.20757575757575758,66,0
both,all_g1_12,verified_same_genome_confirmations,partial,1319,1319,0,0,1319,1319,0,0,0.24868862774829417,0.2232,0.8895,57.746491356696396,61.701936419541795,361,656,0,49.52708421122965,51.86316203444327,83.17173990497955,311,0.2357846853677028,73,0,44.5954399239496,46.66840015744703,84.24539192398363,274,0.20773313115996966,66,0
both,all_g1_12,verified_same_genome_confirmations,full,0,0,0,0,0,0,0,0,,,,,,0,0,0,,,,0,,0,0,,,,0,,0,0
both,atlas_gen0_import,screen,all,6,6,0,0,6,0,6,0,0.26236666666666664,0.257,0.3041,33.58474422171441,34.82835470482405,4,3,6,31.74772483295247,32.546266028618035,36.97467573134584,0,0.0,0,0,30.64551319969531,31.177012822894433,35.66174058507667,0,0.0,0,0
both,atlas_gen0_import,screen,partial,0,0,0,0,0,0,0,0,,,,,,0,0,0,,,,0,,0,0,,,,0,,0,0
both,atlas_gen0_import,screen,full,6,6,0,0,6,0,6,0,0.26236666666666664,0.257,0.3041,33.58474422171441,34.82835470482405,4,3,6,31.74772483295247,32.546266028618035,36.97467573134584,0,0.0,0,0,30.64551319969531,31.177012822894433,35.66174058507667,0,0.0,0,0
both,c9_backfill_import,c9fill,all,168,168,0,0,168,168,0,0,0.3188011904761905,0.3719,0.6393,67.28892569815858,68.11173300477935,100,98,0,58.436724035523696,59.946673209304315,76.97664703650436,64,0.38095238095238093,34,0,53.12540303794277,54.21617300352439,73.1473176292035,59,0.35119047619047616,32,0
both,c9_backfill_import,c9fill,partial,168,168,0,0,168,168,0,0,0.3188011904761905,0.3719,0.6393,67.28892569815858,68.11173300477935,100,98,0,58.436724035523696,59.946673209304315,76.97664703650436,64,0.38095238095238093,34,0,53.12540303794277,54.21617300352439,73.1473176292035,59,0.35119047619047616,32,0
both,c9_backfill_import,c9fill,full,0,0,0,0,0,0,0,0,,,,,,0,0,0,,,,0,,0,0,,,,0,,0,0
