ranking_scope,rank,island,cand,phase,seed,gen,base_cand,origin_op,C9,C9_mode,interest_raw,interest_v2,common_I025,common_I040,qualifies_025,qualifies_040,descriptor_bin,ghash,final_archive_path,film_archive_member,filename_declared_in_row
island1:baseline_g1_7:C9,1,1,p1g1_009_s3,seed3,959,1,p1g1_009,mutate,0.8504,partial,77.20673455395642,74.5956460719419,77.20673455395642,78.77338764316514,True,True,4|grow|rotor|liquid|s1|g2|structured,6c1a68ff3495c5bc,/Users/spoho/v3work/isl1_final2.tgz,isl1/out/runs/p1g1_009_s3.npz,p1g1_009_s3.npz
island1:baseline_g1_7:C9,2,1,p1g3_005_s3,seed3,959,3,p1g3_005,mutate,0.7859,partial,73.54656893657145,71.86542524876194,73.54656893657145,74.55525514925716,True,True,3|switch|rotor|flicker|s1|g1|structured,86801acb1b8c160d,/Users/spoho/v3work/isl1_final2.tgz,isl1/out/runs/p1g3_005_s3.npz,p1g3_005_s3.npz
island1:baseline_g1_7:C9,3,1,p1g4_069_s3,seed3,959,4,p1g4_069,merge_slow_tanh,0.7791,partial,71.11713241397678,68.85284321863571,71.11713241397678,72.47570593118144,True,True,3|switch|mobile|liquid|s1|g2|structured,b5bd74556f52443f,/Users/spoho/v3work/isl1_final2.tgz,isl1/out/runs/p1g4_069_s3.npz,p1g4_069_s3.npz
island1:baseline_g1_7:C9,4,1,p1g6_009_s2,seed2,958,6,p1g6_009,mutate,0.7502,partial,72.15161723210426,71.19548964280568,72.15161723210426,72.7252937856834,True,True,3|switch|mobile|liquid|s1|g2|structured,91813fbd275fbaaa,/Users/spoho/v3work/isl1_final2.tgz,isl1/out/runs/p1g6_009_s2.npz,p1g6_009_s2.npz
island1:baseline_g1_7:C9,5,1,p1g2_051_s3,seed3,959,2,p1g2_051,merge_spatial_ic,0.6631,partial,82.10924074455039,87.37565432606719,82.10924074455039,78.94939259564032,True,True,4|grow|mobile|liquid|s3|g2|structured,9a815b4bb1db78ea,/Users/spoho/v3work/isl1_final2.tgz,isl1/out/runs/p1g2_051_s3.npz,p1g2_051_s3.npz
island1:baseline_g1_7:common_I025,1,1,p1g2_049_s3,seed3,959,2,p1g2_049,merge_spatial_ic,0.6347,partial,82.3327196684081,88.6202928912108,82.3327196684081,78.56017573472647,True,True,4|grow|mobile|liquid|s3|g2|structured,fa86cb8089d048d0,/Users/spoho/v3work/isl1_final2.tgz,isl1/out/runs/p1g2_049_s3.npz,p1g2_049_s3.npz
island1:baseline_g1_7:common_I025,2,1,p1g7_052_s3,seed3,959,7,p1g7_052,merge_spatial_ic,0.6347,partial,82.3327196684081,88.6202928912108,82.3327196684081,78.56017573472647,True,True,4|grow|mobile|liquid|s3|g2|structured,fa86cb8089d048d0,/Users/spoho/v3work/isl1_final2.tgz,isl1/out/runs/p1g7_052_s3.npz,p1g7_052_s3.npz
island1:baseline_g1_7:common_I025,3,1,p1g2_051_s3,seed3,959,2,p1g2_051,merge_spatial_ic,0.6631,partial,82.10924074455039,87.37565432606719,82.10924074455039,78.94939259564032,True,True,4|grow|mobile|liquid|s3|g2|structured,9a815b4bb1db78ea,/Users/spoho/v3work/isl1_final2.tgz,isl1/out/runs/p1g2_051_s3.npz,p1g2_051_s3.npz
island1:baseline_g1_7:common_I025,4,1,p1g2_052_s3,seed3,959,2,p1g2_052,merge_spatial_ic,0.6631,partial,82.10924074455039,87.37565432606719,82.10924074455039,78.94939259564032,True,True,4|grow|mobile|liquid|s3|g2|structured,9a815b4bb1db78ea,/Users/spoho/v3work/isl1_final2.tgz,isl1/out/runs/p1g2_052_s3.npz,p1g2_052_s3.npz
island1:baseline_g1_7:common_I025,5,1,p1g4_050_s3,seed3,959,4,p1g4_050,merge_spatial_ic,0.6487,partial,81.79157794143298,87.43210392191064,81.79157794143298,78.40726235314638,True,True,4|grow|mobile|liquid|s3|g2|structured,9a815b4bb1db78ea,/Users/spoho/v3work/isl1_final2.tgz,isl1/out/runs/p1g4_050_s3.npz,p1g4_050_s3.npz
island1:baseline_g1_7:common_I040,1,1,p1g2_051_s3,seed3,959,2,p1g2_051,merge_spatial_ic,0.6631,partial,82.10924074455039,87.37565432606719,82.10924074455039,78.94939259564032,True,True,4|grow|mobile|liquid|s3|g2|structured,9a815b4bb1db78ea,/Users/spoho/v3work/isl1_final2.tgz,isl1/out/runs/p1g2_051_s3.npz,p1g2_051_s3.npz
island1:baseline_g1_7:common_I040,2,1,p1g2_052_s3,seed3,959,2,p1g2_052,merge_spatial_ic,0.6631,partial,82.10924074455039,87.37565432606719,82.10924074455039,78.94939259564032,True,True,4|grow|mobile|liquid|s3|g2|structured,9a815b4bb1db78ea,/Users/spoho/v3work/isl1_final2.tgz,isl1/out/runs/p1g2_052_s3.npz,p1g2_052_s3.npz
island1:baseline_g1_7:common_I040,3,1,p1g1_009_s3,seed3,959,1,p1g1_009,mutate,0.8504,partial,77.20673455395642,74.5956460719419,77.20673455395642,78.77338764316514,True,True,4|grow|rotor|liquid|s1|g2|structured,6c1a68ff3495c5bc,/Users/spoho/v3work/isl1_final2.tgz,isl1/out/runs/p1g1_009_s3.npz,p1g1_009_s3.npz
island1:baseline_g1_7:common_I040,4,1,p1g2_049_s3,seed3,959,2,p1g2_049,merge_spatial_ic,0.6347,partial,82.3327196684081,88.6202928912108,82.3327196684081,78.56017573472647,True,True,4|grow|mobile|liquid|s3|g2|structured,fa86cb8089d048d0,/Users/spoho/v3work/isl1_final2.tgz,isl1/out/runs/p1g2_049_s3.npz,p1g2_049_s3.npz
island1:baseline_g1_7:common_I040,5,1,p1g7_052_s3,seed3,959,7,p1g7_052,merge_spatial_ic,0.6347,partial,82.3327196684081,88.6202928912108,82.3327196684081,78.56017573472647,True,True,4|grow|mobile|liquid|s3|g2|structured,fa86cb8089d048d0,/Users/spoho/v3work/isl1_final2.tgz,isl1/out/runs/p1g7_052_s3.npz,p1g7_052_s3.npz
island1:continuation_g8_12:C9,1,1,p1g12_049_s3,seed3,959,12,p1g12_049,add_chan,0.8895,partial,82.6504598758784,78.45076645979732,81.07557484484799,82.6504598758784,True,True,4|grow|rotor|liquid|s1|g2|structured,ade485a3c34506e6,/Users/spoho/v3work/isl1_final2.tgz,isl1/out/runs/p1g12_049_s3.npz,p1g12_049_s3.npz
island1:continuation_g8_12:C9,2,1,p1g12_007_s3,seed3,959,12,p1g12_007,mutate,0.8867,partial,79.71012062938584,73.73686771564307,77.4701507867323,79.71012062938584,True,True,3|switch|rotor|flicker|s1|g2|structured,f76814c5c3c3bbe2,/Users/spoho/v3work/isl1_final2.tgz,isl1/out/runs/p1g12_007_s3.npz,p1g12_007_s3.npz
island1:continuation_g8_12:C9,3,1,p1g12_049_s2,seed2,958,12,p1g12_049,add_chan,0.8854,partial,84.24539192398363,81.38231987330606,83.17173990497955,84.24539192398363,True,True,4|grow|rotor|liquid|s1|g2|structured,ade485a3c34506e6,/Users/spoho/v3work/isl1_final2.tgz,isl1/out/runs/p1g12_049_s2.npz,p1g12_049_s2.npz
island1:continuation_g8_12:C9,4,1,p1g12_037_s2,seed2,958,12,p1g12_037,mint_bilin,0.8195,partial,81.00909559985232,80.38182599975386,80.77386949981539,81.00909559985232,True,True,4|grow|rotor|liquid|s1|g2|structured,f28ff34704c181dd,/Users/spoho/v3work/isl1_final2.tgz,isl1/out/runs/p1g12_037_s2.npz,p1g12_037_s2.npz
island1:continuation_g8_12:C9,5,1,p1g9_013_s3,seed3,959,9,p1g9_013,mutate,0.7086,partial,76.7840965481866,80.73349424697767,78.26512068523326,76.7840965481866,True,True,3|switch|rotor|liquid|s2|g2|structured,32e73d69fe198380,/Users/spoho/v3work/isl1_final2.tgz,isl1/out/runs/p1g9_013_s3.npz,p1g9_013_s3.npz
island1:continuation_g8_12:common_I025,1,1,p1g12_049_s2,seed2,958,12,p1g12_049,add_chan,0.8854,partial,84.24539192398363,81.38231987330606,83.17173990497955,84.24539192398363,True,True,4|grow|rotor|liquid|s1|g2|structured,ade485a3c34506e6,/Users/spoho/v3work/isl1_final2.tgz,isl1/out/runs/p1g12_049_s2.npz,p1g12_049_s2.npz
island1:continuation_g8_12:common_I025,2,1,p1g8_047_s3,seed3,959,8,p1g8_047,merge_spatial_ic,0.6347,partial,78.56017573472647,88.6202928912108,82.3327196684081,78.56017573472647,True,True,4|grow|mobile|liquid|s3|g2|structured,fa86cb8089d048d0,/Users/spoho/v3work/isl1_final2.tgz,isl1/out/runs/p1g8_047_s3.npz,p1g8_047_s3.npz
island1:continuation_g8_12:common_I025,3,1,p1g12_049_s3,seed3,959,12,p1g12_049,add_chan,0.8895,partial,82.6504598758784,78.45076645979732,81.07557484484799,82.6504598758784,True,True,4|grow|rotor|liquid|s1|g2|structured,ade485a3c34506e6,/Users/spoho/v3work/isl1_final2.tgz,isl1/out/runs/p1g12_049_s3.npz,p1g12_049_s3.npz
island1:continuation_g8_12:common_I025,4,1,p1g12_037_s2,seed2,958,12,p1g12_037,mint_bilin,0.8195,partial,81.00909559985232,80.38182599975386,80.77386949981539,81.00909559985232,True,True,4|grow|rotor|liquid|s1|g2|structured,f28ff34704c181dd,/Users/spoho/v3work/isl1_final2.tgz,isl1/out/runs/p1g12_037_s2.npz,p1g12_037_s2.npz
island1:continuation_g8_12:common_I025,5,1,p1g9_024_s3,seed3,959,9,p1g9_024,mint_bilin,0.6534,partial,77.03626705164123,84.83377841940207,79.96033381455155,77.03626705164123,True,True,4|switch|rotor|liquid|s3|g2|structured,986518e2fcff4f95,/Users/spoho/v3work/isl1_final2.tgz,isl1/out/runs/p1g9_024_s3.npz,p1g9_024_s3.npz
island1:continuation_g8_12:common_I040,1,1,p1g12_049_s2,seed2,958,12,p1g12_049,add_chan,0.8854,partial,84.24539192398363,81.38231987330606,83.17173990497955,84.24539192398363,True,True,4|grow|rotor|liquid|s1|g2|structured,ade485a3c34506e6,/Users/spoho/v3work/isl1_final2.tgz,isl1/out/runs/p1g12_049_s2.npz,p1g12_049_s2.npz
island1:continuation_g8_12:common_I040,2,1,p1g12_049_s3,seed3,959,12,p1g12_049,add_chan,0.8895,partial,82.6504598758784,78.45076645979732,81.07557484484799,82.6504598758784,True,True,4|grow|rotor|liquid|s1|g2|structured,ade485a3c34506e6,/Users/spoho/v3work/isl1_final2.tgz,isl1/out/runs/p1g12_049_s3.npz,p1g12_049_s3.npz
island1:continuation_g8_12:common_I040,3,1,p1g12_037_s2,seed2,958,12,p1g12_037,mint_bilin,0.8195,partial,81.00909559985232,80.38182599975386,80.77386949981539,81.00909559985232,True,True,4|grow|rotor|liquid|s1|g2|structured,f28ff34704c181dd,/Users/spoho/v3work/isl1_final2.tgz,isl1/out/runs/p1g12_037_s2.npz,p1g12_037_s2.npz
island1:continuation_g8_12:common_I040,4,1,p1g12_007_s3,seed3,959,12,p1g12_007,mutate,0.8867,partial,79.71012062938584,73.73686771564307,77.4701507867323,79.71012062938584,True,True,3|switch|rotor|flicker|s1|g2|structured,f76814c5c3c3bbe2,/Users/spoho/v3work/isl1_final2.tgz,isl1/out/runs/p1g12_007_s3.npz,p1g12_007_s3.npz
island1:continuation_g8_12:common_I040,5,1,p1g8_047_s3,seed3,959,8,p1g8_047,merge_spatial_ic,0.6347,partial,78.56017573472647,88.6202928912108,82.3327196684081,78.56017573472647,True,True,4|grow|mobile|liquid|s3|g2|structured,fa86cb8089d048d0,/Users/spoho/v3work/isl1_final2.tgz,isl1/out/runs/p1g8_047_s3.npz,p1g8_047_s3.npz
island2:baseline_g1_7:C9,1,2,p2g6_032_s2,seed2,965,6,p2g6_032,add_chan,0.8048,partial,76.2177190992982,74.79695879906427,76.2177190992982,77.07017527943856,True,True,3|switch|rotor|liquid|s1|g1|structured,67cf21942715762c,/Users/spoho/v3work/isl2_final2.tgz,isl2/out/runs/p2g6_032_s2.npz,p2g6_032_s2.npz
island2:baseline_g1_7:C9,2,2,p2g1_025_s2,seed2,965,1,p2g1_025,mint_bilin,0.6845,partial,75.9169995489554,78.40599939860721,75.9169995489554,74.42359963916432,True,True,4|grow|mobile|liquid|s2|g1|structured,b775106c35d12be9,/Users/spoho/v3work/isl2_final2.tgz,isl2/out/runs/p2g1_025_s2.npz,p2g1_025_s2.npz
island2:baseline_g1_7:C9,3,2,p2g2_060_s2,seed2,965,2,p2g2_060,merge_cross_edge,0.6662,partial,74.34839552011894,76.92452736015859,74.34839552011894,72.80271641609515,True,True,4|switch|rotor|liquid|s2|g2|structured,87f090a8524d6f79,/Users/spoho/v3work/isl2_final2.tgz,isl2/out/runs/p2g2_060_s2.npz,p2g2_060_s2.npz
island2:baseline_g1_7:C9,4,2,p2g1_017_s3,seed3,966,1,p2g1_017,mint_bilin,0.6592,partial,79.28309980771103,83.73746641028137,79.28309980771103,76.61047984616883,True,True,4|grow|rotor|liquid|s1|g2|structured,bf9d2724ed64b209,/Users/spoho/v3work/isl2_final2.tgz,isl2/out/runs/p2g1_017_s3.npz,p2g1_017_s3.npz
island2:baseline_g1_7:C9,5,2,p2g2_018_s2,seed2,965,2,p2g2_018,mint_bilin,0.6591,partial,55.55911702410574,52.10882269880766,55.55911702410574,57.629293619284596,False,False,3|switch|mobile|liquid|s1|g0|structured,0af6510266e625be,/Users/spoho/v3work/isl2_final2.tgz,isl2/out/runs/p2g2_018_s2.npz,p2g2_018_s2.npz
island2:baseline_g1_7:common_I025,1,2,p2g7_049_s3,seed3,966,7,p2g7_049,merge_spatial_ic,0.6591,partial,79.54612455659745,84.09149940879661,79.54612455659745,76.81889964527797,True,True,4|grow|mobile|liquid|s2|g2|structured,9a815b4bb1db78ea,/Users/spoho/v3work/isl2_final2.tgz,isl2/out/runs/p2g7_049_s3.npz,p2g7_049_s3.npz
island2:baseline_g1_7:common_I025,2,2,p2g1_017_s3,seed3,966,1,p2g1_017,mint_bilin,0.6592,partial,79.28309980771103,83.73746641028137,79.28309980771103,76.61047984616883,True,True,4|grow|rotor|liquid|s1|g2|structured,bf9d2724ed64b209,/Users/spoho/v3work/isl2_final2.tgz,isl2/out/runs/p2g1_017_s3.npz,p2g1_017_s3.npz
island2:baseline_g1_7:common_I025,3,2,p2g5_022_s3,seed3,966,5,p2g5_022,mint_bilin,0.6342,partial,77.36447450367643,82.01263267156858,77.36447450367643,74.57557960294115,True,True,4|grow|mobile|liquid|s2|g2|structured,96e24f8710f637cd,/Users/spoho/v3work/isl2_final2.tgz,isl2/out/runs/p2g5_022_s3.npz,p2g5_022_s3.npz
island2:baseline_g1_7:common_I025,4,2,p2g7_049_s2,seed2,965,7,p2g7_049,merge_spatial_ic,0.5696,partial,77.18945748529181,83.93260998038909,77.18945748529181,73.14356598823345,True,True,4|grow|mobile|liquid|s2|g2|structured,9a815b4bb1db78ea,/Users/spoho/v3work/isl2_final2.tgz,isl2/out/runs/p2g7_049_s2.npz,p2g7_049_s2.npz
island2:baseline_g1_7:common_I025,5,2,p2g6_023_s2,seed2,965,6,p2g6_023,mint_bilin,0.4807,partial,76.9043907974122,86.5158543965496,76.9043907974122,71.13751263792976,True,True,3|switch|rotor|liquid|s2|g2|structured,76809ea594492749,/Users/spoho/v3work/isl2_final2.tgz,isl2/out/runs/p2g6_023_s2.npz,p2g6_023_s2.npz
island2:baseline_g1_7:common_I040,1,2,p2g6_032_s2,seed2,965,6,p2g6_032,add_chan,0.8048,partial,76.2177190992982,74.79695879906427,76.2177190992982,77.07017527943856,True,True,3|switch|rotor|liquid|s1|g1|structured,67cf21942715762c,/Users/spoho/v3work/isl2_final2.tgz,isl2/out/runs/p2g6_032_s2.npz,p2g6_032_s2.npz
island2:baseline_g1_7:common_I040,2,2,p2g7_049_s3,seed3,966,7,p2g7_049,merge_spatial_ic,0.6591,partial,79.54612455659745,84.09149940879661,79.54612455659745,76.81889964527797,True,True,4|grow|mobile|liquid|s2|g2|structured,9a815b4bb1db78ea,/Users/spoho/v3work/isl2_final2.tgz,isl2/out/runs/p2g7_049_s3.npz,p2g7_049_s3.npz
island2:baseline_g1_7:common_I040,3,2,p2g1_017_s3,seed3,966,1,p2g1_017,mint_bilin,0.6592,partial,79.28309980771103,83.73746641028137,79.28309980771103,76.61047984616883,True,True,4|grow|rotor|liquid|s1|g2|structured,bf9d2724ed64b209,/Users/spoho/v3work/isl2_final2.tgz,isl2/out/runs/p2g1_017_s3.npz,p2g1_017_s3.npz
island2:baseline_g1_7:common_I040,4,2,p2g5_022_s3,seed3,966,5,p2g5_022,mint_bilin,0.6342,partial,77.36447450367643,82.01263267156858,77.36447450367643,74.57557960294115,True,True,4|grow|mobile|liquid|s2|g2|structured,96e24f8710f637cd,/Users/spoho/v3work/isl2_final2.tgz,isl2/out/runs/p2g5_022_s3.npz,p2g5_022_s3.npz
island2:baseline_g1_7:common_I040,5,2,p2g1_025_s2,seed2,965,1,p2g1_025,mint_bilin,0.6845,partial,75.9169995489554,78.40599939860721,75.9169995489554,74.42359963916432,True,True,4|grow|mobile|liquid|s2|g1|structured,b775106c35d12be9,/Users/spoho/v3work/isl2_final2.tgz,isl2/out/runs/p2g1_025_s2.npz,p2g1_025_s2.npz
island2:continuation_g8_12:C9,1,2,p2g10_023_s2,seed2,965,10,p2g10_023,mint_bilin,0.7123,partial,57.418464601016694,48.21077433502783,53.96558075127088,57.418464601016694,False,False,4|switch|mobile|liquid|s1|g1|structured,770c8caac544c0bc,/Users/spoho/v3work/isl2_final2.tgz,isl2/out/runs/p2g10_023_s2.npz,p2g10_023_s2.npz
island2:continuation_g8_12:C9,2,2,p2g12_043_s2,seed2,965,12,p2g12_043,delete_bilin,0.6927,partial,53.58351232943647,43.125853882394125,49.661890411795596,53.58351232943647,False,False,2|relaxation|mobile|flicker|s1|g0|structured,2118b3d23cd81fe6,/Users/spoho/v3work/isl2_final2.tgz,isl2/out/runs/p2g12_043_s2.npz,p2g12_043_s2.npz
island2:continuation_g8_12:C9,3,2,p2g8_020_s2,seed2,965,8,p2g8_020,mint_bilin,0.6824,partial,72.63663610827167,75.56772684711946,73.7357951353396,72.63663610827167,True,True,4|switch|rotor|liquid|s3|g0|structured,6948a9388ea3347f,/Users/spoho/v3work/isl2_final2.tgz,isl2/out/runs/p2g8_020_s2.npz,p2g8_020_s2.npz
island2:continuation_g8_12:C9,4,2,p2g11_036_s3,seed3,966,11,p2g11_036,mint_bilin,0.6606,partial,71.77881310906918,75.59135518178198,73.20851638633648,71.77881310906918,True,True,4|switch|mobile|liquid|s1|g2|structured,a630f103b53e51d1,/Users/spoho/v3work/isl2_final2.tgz,isl2/out/runs/p2g11_036_s3.npz,p2g11_036_s3.npz
island2:continuation_g8_12:C9,5,2,p2g10_045_s2,seed2,965,10,p2g10_045,add_chan,0.6257,partial,77.29387953497798,87.1097992249633,80.97484941872247,77.29387953497798,True,True,4|grow|mobile|liquid|s3|g2|structured,553bfbdac004bcf0,/Users/spoho/v3work/isl2_final2.tgz,isl2/out/runs/p2g10_045_s2.npz,p2g10_045_s2.npz
island2:continuation_g8_12:common_I025,1,2,p2g10_045_s2,seed2,965,10,p2g10_045,add_chan,0.6257,partial,77.29387953497798,87.1097992249633,80.97484941872247,77.29387953497798,True,True,4|grow|mobile|liquid|s3|g2|structured,553bfbdac004bcf0,/Users/spoho/v3work/isl2_final2.tgz,isl2/out/runs/p2g10_045_s2.npz,p2g10_045_s2.npz
island2:continuation_g8_12:common_I025,2,2,p2g10_037_s3,seed3,966,10,p2g10_037,mint_bilin,0.5239,partial,71.92606713976608,84.95011189961012,76.81008392470758,71.92606713976608,True,True,4|grow|mobile|liquid|s2|g2|structured,d5df93540fabc72a,/Users/spoho/v3work/isl2_final2.tgz,isl2/out/runs/p2g10_037_s3.npz,p2g10_037_s3.npz
island2:continuation_g8_12:common_I025,3,2,p2g8_046_s3,seed3,966,8,p2g8_046,merge_spatial_ic,0.6246,partial,73.65126890219372,81.11211483698952,76.44908612774213,73.65126890219372,True,True,4|grow|mobile|liquid|s2|g1|structured,3e9e387b61a8cb22,/Users/spoho/v3work/isl2_final2.tgz,isl2/out/runs/p2g8_046_s3.npz,p2g8_046_s3.npz
island2:continuation_g8_12:common_I025,4,2,p2g8_052_s3,seed3,966,8,p2g8_052,merge_spatial_ic,0.6246,partial,73.65126890219372,81.11211483698952,76.44908612774213,73.65126890219372,True,True,4|grow|mobile|liquid|s2|g1|structured,3e9e387b61a8cb22,/Users/spoho/v3work/isl2_final2.tgz,isl2/out/runs/p2g8_052_s3.npz,p2g8_052_s3.npz
island2:continuation_g8_12:common_I025,5,2,p2g10_053_s3,seed3,966,10,p2g10_053,merge_spatial_ic,0.6246,partial,73.65126890219372,81.11211483698952,76.44908612774213,73.65126890219372,True,True,4|grow|mobile|liquid|s2|g1|structured,3e9e387b61a8cb22,/Users/spoho/v3work/isl2_final2.tgz,isl2/out/runs/p2g10_053_s3.npz,p2g10_053_s3.npz
island2:continuation_g8_12:common_I040,1,2,p2g10_045_s2,seed2,965,10,p2g10_045,add_chan,0.6257,partial,77.29387953497798,87.1097992249633,80.97484941872247,77.29387953497798,True,True,4|grow|mobile|liquid|s3|g2|structured,553bfbdac004bcf0,/Users/spoho/v3work/isl2_final2.tgz,isl2/out/runs/p2g10_045_s2.npz,p2g10_045_s2.npz
island2:continuation_g8_12:common_I040,2,2,p2g8_046_s3,seed3,966,8,p2g8_046,merge_spatial_ic,0.6246,partial,73.65126890219372,81.11211483698952,76.44908612774213,73.65126890219372,True,True,4|grow|mobile|liquid|s2|g1|structured,3e9e387b61a8cb22,/Users/spoho/v3work/isl2_final2.tgz,isl2/out/runs/p2g8_046_s3.npz,p2g8_046_s3.npz
island2:continuation_g8_12:common_I040,3,2,p2g8_052_s3,seed3,966,8,p2g8_052,merge_spatial_ic,0.6246,partial,73.65126890219372,81.11211483698952,76.44908612774213,73.65126890219372,True,True,4|grow|mobile|liquid|s2|g1|structured,3e9e387b61a8cb22,/Users/spoho/v3work/isl2_final2.tgz,isl2/out/runs/p2g8_052_s3.npz,p2g8_052_s3.npz
island2:continuation_g8_12:common_I040,4,2,p2g10_053_s3,seed3,966,10,p2g10_053,merge_spatial_ic,0.6246,partial,73.65126890219372,81.11211483698952,76.44908612774213,73.65126890219372,True,True,4|grow|mobile|liquid|s2|g1|structured,3e9e387b61a8cb22,/Users/spoho/v3work/isl2_final2.tgz,isl2/out/runs/p2g10_053_s3.npz,p2g10_053_s3.npz
island2:continuation_g8_12:common_I040,5,2,p2g10_054_s3,seed3,966,10,p2g10_054,merge_spatial_ic,0.6246,partial,73.65126890219372,81.11211483698952,76.44908612774213,73.65126890219372,True,True,4|grow|mobile|liquid|s2|g1|structured,3e9e387b61a8cb22,/Users/spoho/v3work/isl2_final2.tgz,isl2/out/runs/p2g10_054_s3.npz,p2g10_054_s3.npz
