island,cohort,op,W9,base_candidates_n,unique_ghashes,screen_status_ok_n,screen_status_ok_rate,screen_partial_n,screen_full_n,screen_missing_C9_n,screen_success_n,screen_success_rate,screen_partial_success_n,screen_full_success_n,selected_declared_n,selected_valid_n,complete_valid_pairs_n,declared_pairs_n,invalid_confirmation_rows,any_seed_success_n,any_confirmed_n,any_confirmed_per_all_bases,any_confirmed_per_selected,screen_plus_any_confirmed_n,robust_three_seeds_n,robust_per_all_bases,robust_per_complete_valid_pairs,robust_partial_only_n,robust_partial_per_all_bases
1,baseline_g1_7,ALL,0.25,690,653,565,0.8188405797101449,560,5,125,139,0.20144927536231885,135,4,257,257,226,229,3,162,78,0.11304347826086956,0.3035019455252918,55,38,0.05507246376811594,0.168141592920354,37,0.0536231884057971
1,baseline_g1_7,ALL,0.4,690,653,565,0.8188405797101449,560,5,125,118,0.17101449275362318,115,3,257,257,226,229,3,138,66,0.09565217391304348,0.25680933852140075,46,30,0.043478260869565216,0.13274336283185842,29,0.042028985507246375
1,baseline_g1_7,add_chan,0.25,56,56,56,1.0,56,0,0,15,0.26785714285714285,15,0,29,29,24,26,2,18,11,0.19642857142857142,0.3793103448275862,8,5,0.08928571428571429,0.20833333333333334,5,0.08928571428571429
1,baseline_g1_7,add_chan,0.4,56,56,56,1.0,56,0,0,15,0.26785714285714285,15,0,29,29,24,26,2,16,9,0.16071428571428573,0.3103448275862069,8,3,0.05357142857142857,0.125,3,0.05357142857142857
1,baseline_g1_7,delete_bilin,0.25,28,23,28,1.0,28,0,0,9,0.32142857142857145,9,0,13,13,12,12,0,9,5,0.17857142857142858,0.38461538461538464,5,5,0.17857142857142858,0.4166666666666667,5,0.17857142857142858
1,baseline_g1_7,delete_bilin,0.4,28,23,28,1.0,28,0,0,7,0.25,7,0,13,13,12,12,0,8,5,0.17857142857142858,0.38461538461538464,4,3,0.10714285714285714,0.25,3,0.10714285714285714
1,baseline_g1_7,dup_act,0.25,56,56,40,0.7142857142857143,40,0,16,0,0.0,0,0,22,22,19,19,0,0,0,0.0,0.0,0,0,0.0,0.0,0,0.0
1,baseline_g1_7,dup_act,0.4,56,56,40,0.7142857142857143,40,0,16,0,0.0,0,0,22,22,19,19,0,0,0,0.0,0.0,0,0,0.0,0.0,0,0.0
1,baseline_g1_7,immigrate,0.25,140,140,57,0.40714285714285714,57,0,83,0,0.0,0,0,4,4,3,3,0,0,0,0.0,0.0,0,0,0.0,0.0,0,0.0
1,baseline_g1_7,immigrate,0.4,140,140,57,0.40714285714285714,57,0,83,0,0.0,0,0,4,4,3,3,0,0,0,0.0,0.0,0,0,0.0,0.0,0,0.0
1,baseline_g1_7,merge_cross_edge,0.25,111,111,107,0.963963963963964,107,0,4,29,0.26126126126126126,29,0,50,50,44,44,0,38,18,0.16216216216216217,0.36,9,3,0.02702702702702703,0.06818181818181818,3,0.02702702702702703
1,baseline_g1_7,merge_cross_edge,0.4,111,111,107,0.963963963963964,107,0,4,25,0.22522522522522523,25,0,50,50,44,44,0,33,16,0.14414414414414414,0.32,8,2,0.018018018018018018,0.045454545454545456,2,0.018018018018018018
1,baseline_g1_7,merge_share_chan,0.25,26,25,8,0.3076923076923077,8,0,18,0,0.0,0,0,6,6,4,4,0,1,1,0.038461538461538464,0.16666666666666666,0,0,0.0,0.0,0,0.0
1,baseline_g1_7,merge_share_chan,0.4,26,25,8,0.3076923076923077,8,0,18,0,0.0,0,0,6,6,4,4,0,0,0,0.0,0.0,0,0,0.0,0.0,0,0.0
1,baseline_g1_7,merge_slow_tanh,0.25,21,21,20,0.9523809523809523,20,0,1,8,0.38095238095238093,8,0,12,12,11,11,0,10,6,0.2857142857142857,0.5,4,3,0.14285714285714285,0.2727272727272727,3,0.14285714285714285
1,baseline_g1_7,merge_slow_tanh,0.4,21,21,20,0.9523809523809523,20,0,1,4,0.19047619047619047,4,0,12,12,11,11,0,7,4,0.19047619047619047,0.3333333333333333,1,1,0.047619047619047616,0.09090909090909091,1,0.047619047619047616
1,baseline_g1_7,merge_spatial_ic,0.25,56,27,56,1.0,51,5,0,30,0.5357142857142857,26,4,25,25,23,23,0,33,13,0.23214285714285715,0.52,10,8,0.14285714285714285,0.34782608695652173,7,0.125
1,baseline_g1_7,merge_spatial_ic,0.4,56,27,56,1.0,51,5,0,26,0.4642857142857143,23,3,25,25,23,23,0,29,12,0.21428571428571427,0.48,9,8,0.14285714285714285,0.34782608695652173,7,0.125
1,baseline_g1_7,mint_bilin,0.25,84,84,84,1.0,84,0,0,28,0.3333333333333333,28,0,38,38,31,32,1,32,14,0.16666666666666666,0.3684210526315789,10,6,0.07142857142857142,0.1935483870967742,6,0.07142857142857142
1,baseline_g1_7,mint_bilin,0.4,84,84,84,1.0,84,0,0,28,0.3333333333333333,28,0,38,38,31,32,1,31,12,0.14285714285714285,0.3157894736842105,9,6,0.07142857142857142,0.1935483870967742,6,0.07142857142857142
1,baseline_g1_7,mutate,0.25,112,112,109,0.9732142857142857,109,0,3,20,0.17857142857142858,20,0,58,58,55,55,0,21,10,0.08928571428571429,0.1724137931034483,9,8,0.07142857142857142,0.14545454545454545,8,0.07142857142857142
1,baseline_g1_7,mutate,0.4,112,112,109,0.9732142857142857,109,0,3,13,0.11607142857142858,13,0,58,58,55,55,0,14,8,0.07142857142857142,0.13793103448275862,7,7,0.0625,0.12727272727272726,7,0.0625
1,transition_g8,ALL,0.25,81,76,76,0.9382716049382716,76,0,5,22,0.2716049382716049,22,0,28,28,27,27,0,23,3,0.037037037037037035,0.10714285714285714,2,1,0.012345679012345678,0.037037037037037035,1,0.012345679012345678
1,transition_g8,ALL,0.4,81,76,76,0.9382716049382716,76,0,5,16,0.19753086419753085,16,0,28,28,27,27,0,17,3,0.037037037037037035,0.10714285714285714,2,1,0.012345679012345678,0.037037037037037035,1,0.012345679012345678
1,transition_g8,add_chan,0.25,8,8,8,1.0,8,0,0,0,0.0,0,0,4,4,4,4,0,0,0,0.0,0.0,0,0,0.0,0.0,0,0.0
1,transition_g8,add_chan,0.4,8,8,8,1.0,8,0,0,0,0.0,0,0,4,4,4,4,0,0,0,0.0,0.0,0,0,0.0,0.0,0,0.0
1,transition_g8,delete_bilin,0.25,4,4,4,1.0,4,0,0,1,0.25,1,0,1,1,1,1,0,1,1,0.25,1.0,1,0,0.0,0.0,0,0.0
1,transition_g8,delete_bilin,0.4,4,4,4,1.0,4,0,0,1,0.25,1,0,1,1,1,1,0,1,1,0.25,1.0,1,0,0.0,0.0,0,0.0
1,transition_g8,immigrate,0.25,5,5,1,0.2,1,0,4,0,0.0,0,0,0,0,0,0,0,0,0,0.0,,0,0,0.0,,0,0.0
1,transition_g8,immigrate,0.4,5,5,1,0.2,1,0,4,0,0.0,0,0,0,0,0,0,0,0,0,0.0,,0,0,0.0,,0,0.0
1,transition_g8,merge_cross_edge,0.25,7,7,7,1.0,7,0,0,1,0.14285714285714285,1,0,4,4,4,4,0,1,0,0.0,0.0,0,0,0.0,0.0,0,0.0
1,transition_g8,merge_cross_edge,0.4,7,7,7,1.0,7,0,0,1,0.14285714285714285,1,0,4,4,4,4,0,1,0,0.0,0.0,0,0,0.0,0.0,0,0.0
1,transition_g8,merge_slow_tanh,0.25,3,3,3,1.0,3,0,0,2,0.6666666666666666,2,0,0,0,0,0,0,2,0,0.0,,0,0,0.0,,0,0.0
1,transition_g8,merge_slow_tanh,0.4,3,3,3,1.0,3,0,0,2,0.6666666666666666,2,0,0,0,0,0,0,2,0,0.0,,0,0,0.0,,0,0.0
1,transition_g8,merge_spatial_ic,0.25,22,17,22,1.0,22,0,0,9,0.4090909090909091,9,0,8,8,8,8,0,10,1,0.045454545454545456,0.125,0,0,0.0,0.0,0,0.0
1,transition_g8,merge_spatial_ic,0.4,22,17,22,1.0,22,0,0,5,0.22727272727272727,5,0,8,8,8,8,0,6,1,0.045454545454545456,0.125,0,0,0.0,0.0,0,0.0
1,transition_g8,mint_bilin,0.25,16,16,16,1.0,16,0,0,8,0.5,8,0,4,4,4,4,0,8,1,0.0625,0.25,1,1,0.0625,0.25,1,0.0625
1,transition_g8,mint_bilin,0.4,16,16,16,1.0,16,0,0,6,0.375,6,0,4,4,4,4,0,6,1,0.0625,0.25,1,1,0.0625,0.25,1,0.0625
1,transition_g8,mutate,0.25,16,16,15,0.9375,15,0,1,1,0.0625,1,0,7,7,6,6,0,1,0,0.0,0.0,0,0,0.0,0.0,0,0.0
1,transition_g8,mutate,0.4,16,16,15,0.9375,15,0,1,1,0.0625,1,0,7,7,6,6,0,1,0,0.0,0.0,0,0,0.0,0.0,0,0.0
1,late_g9_12,ALL,0.25,283,275,261,0.9222614840989399,261,0,22,71,0.2508833922261484,71,0,84,84,80,80,0,74,21,0.07420494699646643,0.25,18,17,0.06007067137809187,0.2125,17,0.06007067137809187
1,late_g9_12,ALL,0.4,283,275,261,0.9222614840989399,261,0,22,65,0.22968197879858657,65,0,84,84,80,80,0,68,20,0.0706713780918728,0.23809523809523808,17,16,0.05653710247349823,0.2,16,0.05653710247349823
1,late_g9_12,add_chan,0.25,32,32,30,0.9375,30,0,2,6,0.1875,6,0,14,14,13,13,0,7,3,0.09375,0.21428571428571427,2,2,0.0625,0.15384615384615385,2,0.0625
1,late_g9_12,add_chan,0.4,32,32,30,0.9375,30,0,2,5,0.15625,5,0,14,14,13,13,0,6,3,0.09375,0.21428571428571427,2,2,0.0625,0.15384615384615385,2,0.0625
1,late_g9_12,delete_bilin,0.25,16,14,16,1.0,16,0,0,6,0.375,6,0,4,4,4,4,0,6,2,0.125,0.5,2,2,0.125,0.5,2,0.125
1,late_g9_12,delete_bilin,0.4,16,14,16,1.0,16,0,0,6,0.375,6,0,4,4,4,4,0,6,2,0.125,0.5,2,2,0.125,0.5,2,0.125
1,late_g9_12,immigrate,0.25,20,20,7,0.35,7,0,13,0,0.0,0,0,0,0,0,0,0,0,0,0.0,,0,0,0.0,,0,0.0
1,late_g9_12,immigrate,0.4,20,20,7,0.35,7,0,13,0,0.0,0,0,0,0,0,0,0,0,0,0.0,,0,0,0.0,,0,0.0
1,late_g9_12,merge_cross_edge,0.25,31,31,31,1.0,31,0,0,8,0.25806451612903225,8,0,11,11,11,11,0,8,0,0.0,0.0,0,0,0.0,0.0,0,0.0
1,late_g9_12,merge_cross_edge,0.4,31,31,31,1.0,31,0,0,6,0.1935483870967742,6,0,11,11,11,11,0,6,0,0.0,0.0,0,0,0.0,0.0,0,0.0
1,late_g9_12,merge_slow_tanh,0.25,12,12,12,1.0,12,0,0,2,0.16666666666666666,2,0,5,5,5,5,0,2,1,0.08333333333333333,0.2,1,1,0.08333333333333333,0.2,1,0.08333333333333333
1,late_g9_12,merge_slow_tanh,0.4,12,12,12,1.0,12,0,0,2,0.16666666666666666,2,0,5,5,5,5,0,2,1,0.08333333333333333,0.2,1,1,0.08333333333333333,0.2,1,0.08333333333333333
1,late_g9_12,merge_spatial_ic,0.25,12,7,12,1.0,12,0,0,6,0.5,6,0,3,3,2,2,0,6,0,0.0,0.0,0,0,0.0,0.0,0,0.0
1,late_g9_12,merge_spatial_ic,0.4,12,7,12,1.0,12,0,0,6,0.5,6,0,3,3,2,2,0,6,0,0.0,0.0,0,0,0.0,0.0,0,0.0
1,late_g9_12,mint_bilin,0.25,72,72,72,1.0,72,0,0,28,0.3888888888888889,28,0,21,21,20,20,0,30,11,0.1527777777777778,0.5238095238095238,9,8,0.1111111111111111,0.4,8,0.1111111111111111
1,late_g9_12,mint_bilin,0.4,72,72,72,1.0,72,0,0,26,0.3611111111111111,26,0,21,21,20,20,0,28,11,0.1527777777777778,0.5238095238095238,9,8,0.1111111111111111,0.4,8,0.1111111111111111
1,late_g9_12,mutate,0.25,88,88,81,0.9204545454545454,81,0,7,15,0.17045454545454544,15,0,26,26,25,25,0,15,4,0.045454545454545456,0.15384615384615385,4,4,0.045454545454545456,0.16,4,0.045454545454545456
1,late_g9_12,mutate,0.4,88,88,81,0.9204545454545454,81,0,7,14,0.1590909090909091,14,0,26,26,25,25,0,14,3,0.03409090909090909,0.11538461538461539,3,3,0.03409090909090909,0.12,3,0.03409090909090909
1,continuation_g8_12,ALL,0.25,364,346,337,0.9258241758241759,337,0,27,93,0.2554945054945055,93,0,112,112,107,107,0,97,24,0.06593406593406594,0.21428571428571427,20,18,0.04945054945054945,0.16822429906542055,18,0.04945054945054945
1,continuation_g8_12,ALL,0.4,364,346,337,0.9258241758241759,337,0,27,81,0.22252747252747251,81,0,112,112,107,107,0,85,23,0.06318681318681318,0.20535714285714285,19,17,0.046703296703296704,0.1588785046728972,17,0.046703296703296704
1,continuation_g8_12,add_chan,0.25,40,40,38,0.95,38,0,2,6,0.15,6,0,18,18,17,17,0,7,3,0.075,0.16666666666666666,2,2,0.05,0.11764705882352941,2,0.05
1,continuation_g8_12,add_chan,0.4,40,40,38,0.95,38,0,2,5,0.125,5,0,18,18,17,17,0,6,3,0.075,0.16666666666666666,2,2,0.05,0.11764705882352941,2,0.05
1,continuation_g8_12,delete_bilin,0.25,20,18,20,1.0,20,0,0,7,0.35,7,0,5,5,5,5,0,7,3,0.15,0.6,3,2,0.1,0.4,2,0.1
1,continuation_g8_12,delete_bilin,0.4,20,18,20,1.0,20,0,0,7,0.35,7,0,5,5,5,5,0,7,3,0.15,0.6,3,2,0.1,0.4,2,0.1
1,continuation_g8_12,immigrate,0.25,25,25,8,0.32,8,0,17,0,0.0,0,0,0,0,0,0,0,0,0,0.0,,0,0,0.0,,0,0.0
1,continuation_g8_12,immigrate,0.4,25,25,8,0.32,8,0,17,0,0.0,0,0,0,0,0,0,0,0,0,0.0,,0,0,0.0,,0,0.0
1,continuation_g8_12,merge_cross_edge,0.25,38,38,38,1.0,38,0,0,9,0.23684210526315788,9,0,15,15,15,15,0,9,0,0.0,0.0,0,0,0.0,0.0,0,0.0
1,continuation_g8_12,merge_cross_edge,0.4,38,38,38,1.0,38,0,0,7,0.18421052631578946,7,0,15,15,15,15,0,7,0,0.0,0.0,0,0,0.0,0.0,0,0.0
1,continuation_g8_12,merge_slow_tanh,0.25,15,15,15,1.0,15,0,0,4,0.26666666666666666,4,0,5,5,5,5,0,4,1,0.06666666666666667,0.2,1,1,0.06666666666666667,0.2,1,0.06666666666666667
1,continuation_g8_12,merge_slow_tanh,0.4,15,15,15,1.0,15,0,0,4,0.26666666666666666,4,0,5,5,5,5,0,4,1,0.06666666666666667,0.2,1,1,0.06666666666666667,0.2,1,0.06666666666666667
1,continuation_g8_12,merge_spatial_ic,0.25,34,19,34,1.0,34,0,0,15,0.4411764705882353,15,0,11,11,10,10,0,16,1,0.029411764705882353,0.09090909090909091,0,0,0.0,0.0,0,0.0
1,continuation_g8_12,merge_spatial_ic,0.4,34,19,34,1.0,34,0,0,11,0.3235294117647059,11,0,11,11,10,10,0,12,1,0.029411764705882353,0.09090909090909091,0,0,0.0,0.0,0,0.0
1,continuation_g8_12,mint_bilin,0.25,88,88,88,1.0,88,0,0,36,0.4090909090909091,36,0,25,25,24,24,0,38,12,0.13636363636363635,0.48,10,9,0.10227272727272728,0.375,9,0.10227272727272728
1,continuation_g8_12,mint_bilin,0.4,88,88,88,1.0,88,0,0,32,0.36363636363636365,32,0,25,25,24,24,0,34,12,0.13636363636363635,0.48,10,9,0.10227272727272728,0.375,9,0.10227272727272728
1,continuation_g8_12,mutate,0.25,104,104,96,0.9230769230769231,96,0,8,16,0.15384615384615385,16,0,33,33,31,31,0,16,4,0.038461538461538464,0.12121212121212122,4,4,0.038461538461538464,0.12903225806451613,4,0.038461538461538464
1,continuation_g8_12,mutate,0.4,104,104,96,0.9230769230769231,96,0,8,15,0.14423076923076922,15,0,33,33,31,31,0,15,3,0.028846153846153848,0.09090909090909091,3,3,0.028846153846153848,0.0967741935483871,3,0.028846153846153848
1,all_g1_12,ALL,0.25,1054,987,902,0.855787476280835,897,5,152,232,0.22011385199240988,228,4,369,369,333,336,3,259,102,0.0967741935483871,0.2764227642276423,75,56,0.05313092979127135,0.16816816816816818,55,0.05218216318785579
1,all_g1_12,ALL,0.4,1054,987,902,0.855787476280835,897,5,152,199,0.1888045540796964,196,3,369,369,333,336,3,223,89,0.08444022770398482,0.24119241192411925,65,47,0.04459203036053131,0.14114114114114115,46,0.04364326375711575
1,all_g1_12,add_chan,0.25,96,96,94,0.9791666666666666,94,0,2,21,0.21875,21,0,47,47,41,43,2,25,14,0.14583333333333334,0.2978723404255319,10,7,0.07291666666666667,0.17073170731707318,7,0.07291666666666667
1,all_g1_12,add_chan,0.4,96,96,94,0.9791666666666666,94,0,2,20,0.20833333333333334,20,0,47,47,41,43,2,22,12,0.125,0.2553191489361702,10,5,0.052083333333333336,0.12195121951219512,5,0.052083333333333336
1,all_g1_12,delete_bilin,0.25,48,39,48,1.0,48,0,0,16,0.3333333333333333,16,0,18,18,17,17,0,16,8,0.16666666666666666,0.4444444444444444,8,7,0.14583333333333334,0.4117647058823529,7,0.14583333333333334
1,all_g1_12,delete_bilin,0.4,48,39,48,1.0,48,0,0,14,0.2916666666666667,14,0,18,18,17,17,0,15,8,0.16666666666666666,0.4444444444444444,7,5,0.10416666666666667,0.29411764705882354,5,0.10416666666666667
1,all_g1_12,dup_act,0.25,56,56,40,0.7142857142857143,40,0,16,0,0.0,0,0,22,22,19,19,0,0,0,0.0,0.0,0,0,0.0,0.0,0,0.0
1,all_g1_12,dup_act,0.4,56,56,40,0.7142857142857143,40,0,16,0,0.0,0,0,22,22,19,19,0,0,0,0.0,0.0,0,0,0.0,0.0,0,0.0
1,all_g1_12,immigrate,0.25,165,165,65,0.3939393939393939,65,0,100,0,0.0,0,0,4,4,3,3,0,0,0,0.0,0.0,0,0,0.0,0.0,0,0.0
1,all_g1_12,immigrate,0.4,165,165,65,0.3939393939393939,65,0,100,0,0.0,0,0,4,4,3,3,0,0,0,0.0,0.0,0,0,0.0,0.0,0,0.0
1,all_g1_12,merge_cross_edge,0.25,149,149,145,0.9731543624161074,145,0,4,38,0.2550335570469799,38,0,65,65,59,59,0,47,18,0.12080536912751678,0.27692307692307694,9,3,0.020134228187919462,0.05084745762711865,3,0.020134228187919462
1,all_g1_12,merge_cross_edge,0.4,149,149,145,0.9731543624161074,145,0,4,32,0.21476510067114093,32,0,65,65,59,59,0,40,16,0.10738255033557047,0.24615384615384617,8,2,0.013422818791946308,0.03389830508474576,2,0.013422818791946308
1,all_g1_12,merge_share_chan,0.25,26,25,8,0.3076923076923077,8,0,18,0,0.0,0,0,6,6,4,4,0,1,1,0.038461538461538464,0.16666666666666666,0,0,0.0,0.0,0,0.0
1,all_g1_12,merge_share_chan,0.4,26,25,8,0.3076923076923077,8,0,18,0,0.0,0,0,6,6,4,4,0,0,0,0.0,0.0,0,0,0.0,0.0,0,0.0
1,all_g1_12,merge_slow_tanh,0.25,36,36,35,0.9722222222222222,35,0,1,12,0.3333333333333333,12,0,17,17,16,16,0,14,7,0.19444444444444445,0.4117647058823529,5,4,0.1111111111111111,0.25,4,0.1111111111111111
1,all_g1_12,merge_slow_tanh,0.4,36,36,35,0.9722222222222222,35,0,1,8,0.2222222222222222,8,0,17,17,16,16,0,11,5,0.1388888888888889,0.29411764705882354,2,2,0.05555555555555555,0.125,2,0.05555555555555555
1,all_g1_12,merge_spatial_ic,0.25,90,42,90,1.0,85,5,0,45,0.5,41,4,36,36,33,33,0,49,14,0.15555555555555556,0.3888888888888889,10,8,0.08888888888888889,0.24242424242424243,7,0.07777777777777778
1,all_g1_12,merge_spatial_ic,0.4,90,42,90,1.0,85,5,0,37,0.4111111111111111,34,3,36,36,33,33,0,41,13,0.14444444444444443,0.3611111111111111,9,8,0.08888888888888889,0.24242424242424243,7,0.07777777777777778
1,all_g1_12,mint_bilin,0.25,172,172,172,1.0,172,0,0,64,0.37209302325581395,64,0,63,63,55,56,1,70,26,0.1511627906976744,0.4126984126984127,20,15,0.0872093023255814,0.2727272727272727,15,0.0872093023255814
1,all_g1_12,mint_bilin,0.4,172,172,172,1.0,172,0,0,60,0.3488372093023256,60,0,63,63,55,56,1,65,24,0.13953488372093023,0.38095238095238093,19,15,0.0872093023255814,0.2727272727272727,15,0.0872093023255814
1,all_g1_12,mutate,0.25,216,216,205,0.9490740740740741,205,0,11,36,0.16666666666666666,36,0,91,91,86,86,0,37,14,0.06481481481481481,0.15384615384615385,13,12,0.05555555555555555,0.13953488372093023,12,0.05555555555555555
1,all_g1_12,mutate,0.4,216,216,205,0.9490740740740741,205,0,11,28,0.12962962962962962,28,0,91,91,86,86,0,29,11,0.05092592592592592,0.12087912087912088,10,10,0.046296296296296294,0.11627906976744186,10,0.046296296296296294
2,baseline_g1_7,ALL,0.25,686,646,562,0.8192419825072886,554,8,124,142,0.20699708454810495,140,2,239,239,209,217,8,163,70,0.10204081632653061,0.2928870292887029,49,29,0.04227405247813411,0.13875598086124402,29,0.04227405247813411
2,baseline_g1_7,ALL,0.4,686,646,562,0.8192419825072886,554,8,124,123,0.1793002915451895,122,1,239,239,209,217,8,143,64,0.09329446064139942,0.26778242677824265,44,25,0.03644314868804665,0.11961722488038277,25,0.03644314868804665
2,baseline_g1_7,add_chan,0.25,56,56,54,0.9642857142857143,54,0,2,11,0.19642857142857142,11,0,31,31,29,31,2,16,9,0.16071428571428573,0.2903225806451613,4,3,0.05357142857142857,0.10344827586206896,3,0.05357142857142857
2,baseline_g1_7,add_chan,0.4,56,56,54,0.9642857142857143,54,0,2,11,0.19642857142857142,11,0,31,31,29,31,2,15,8,0.14285714285714285,0.25806451612903225,4,3,0.05357142857142857,0.10344827586206896,3,0.05357142857142857
2,baseline_g1_7,delete_bilin,0.25,28,21,28,1.0,28,0,0,10,0.35714285714285715,10,0,8,8,6,7,1,11,2,0.07142857142857142,0.25,1,0,0.0,0.0,0,0.0
2,baseline_g1_7,delete_bilin,0.4,28,21,28,1.0,28,0,0,10,0.35714285714285715,10,0,8,8,6,7,1,11,2,0.07142857142857142,0.25,1,0,0.0,0.0,0,0.0
2,baseline_g1_7,dup_act,0.25,56,56,35,0.625,35,0,21,0,0.0,0,0,17,17,14,14,0,1,1,0.017857142857142856,0.058823529411764705,0,0,0.0,0.0,0,0.0
2,baseline_g1_7,dup_act,0.4,56,56,35,0.625,35,0,21,0,0.0,0,0,17,17,14,14,0,1,1,0.017857142857142856,0.058823529411764705,0,0,0.0,0.0,0,0.0
2,baseline_g1_7,immigrate,0.25,140,140,67,0.4785714285714286,67,0,73,0,0.0,0,0,4,4,4,4,0,0,0,0.0,0.0,0,0,0.0,0.0,0,0.0
2,baseline_g1_7,immigrate,0.4,140,140,67,0.4785714285714286,67,0,73,0,0.0,0,0,4,4,4,4,0,0,0,0.0,0.0,0,0,0.0,0.0,0,0.0
2,baseline_g1_7,merge_cross_edge,0.25,108,108,105,0.9722222222222222,105,0,3,36,0.3333333333333333,36,0,50,50,46,48,2,39,18,0.16666666666666666,0.36,15,8,0.07407407407407407,0.17391304347826086,8,0.07407407407407407
2,baseline_g1_7,merge_cross_edge,0.4,108,108,105,0.9722222222222222,105,0,3,32,0.2962962962962963,32,0,50,50,46,48,2,34,15,0.1388888888888889,0.3,13,6,0.05555555555555555,0.13043478260869565,6,0.05555555555555555
2,baseline_g1_7,merge_share_chan,0.25,25,24,7,0.28,7,0,18,0,0.0,0,0,3,3,3,3,0,1,1,0.04,0.3333333333333333,0,0,0.0,0.0,0,0.0
2,baseline_g1_7,merge_share_chan,0.4,25,24,7,0.28,7,0,18,0,0.0,0,0,3,3,3,3,0,0,0,0.0,0.0,0,0,0.0,0.0,0,0.0
2,baseline_g1_7,merge_slow_tanh,0.25,21,21,21,1.0,21,0,0,6,0.2857142857142857,6,0,10,10,10,10,0,6,2,0.09523809523809523,0.2,2,2,0.09523809523809523,0.2,2,0.09523809523809523
2,baseline_g1_7,merge_slow_tanh,0.4,21,21,21,1.0,21,0,0,5,0.23809523809523808,5,0,10,10,10,10,0,5,2,0.09523809523809523,0.2,2,2,0.09523809523809523,0.2,2,0.09523809523809523
2,baseline_g1_7,merge_spatial_ic,0.25,56,26,56,1.0,48,8,0,22,0.39285714285714285,20,2,24,24,21,21,0,26,10,0.17857142857142858,0.4166666666666667,6,4,0.07142857142857142,0.19047619047619047,4,0.07142857142857142
2,baseline_g1_7,merge_spatial_ic,0.4,56,26,56,1.0,48,8,0,19,0.3392857142857143,18,1,24,24,21,21,0,22,9,0.16071428571428573,0.375,6,4,0.07142857142857142,0.19047619047619047,4,0.07142857142857142
2,baseline_g1_7,mint_bilin,0.25,84,84,84,1.0,84,0,0,29,0.34523809523809523,29,0,34,34,30,31,1,33,12,0.14285714285714285,0.35294117647058826,8,5,0.05952380952380952,0.16666666666666666,5,0.05952380952380952
2,baseline_g1_7,mint_bilin,0.4,84,84,84,1.0,84,0,0,23,0.27380952380952384,23,0,34,34,30,31,1,28,11,0.13095238095238096,0.3235294117647059,6,4,0.047619047619047616,0.13333333333333333,4,0.047619047619047616
2,baseline_g1_7,mutate,0.25,112,112,105,0.9375,105,0,7,28,0.25,28,0,58,58,46,48,2,30,15,0.13392857142857142,0.25862068965517243,13,7,0.0625,0.15217391304347827,7,0.0625
2,baseline_g1_7,mutate,0.4,112,112,105,0.9375,105,0,7,23,0.20535714285714285,23,0,58,58,46,48,2,27,16,0.14285714285714285,0.27586206896551724,12,6,0.05357142857142857,0.13043478260869565,6,0.05357142857142857
2,transition_g8,ALL,0.25,82,70,80,0.975609756097561,80,0,2,27,0.32926829268292684,27,0,19,19,19,19,0,29,7,0.08536585365853659,0.3684210526315789,5,5,0.06097560975609756,0.2631578947368421,5,0.06097560975609756
2,transition_g8,ALL,0.4,82,70,80,0.975609756097561,80,0,2,22,0.2682926829268293,22,0,19,19,19,19,0,24,6,0.07317073170731707,0.3157894736842105,4,4,0.04878048780487805,0.21052631578947367,4,0.04878048780487805
2,transition_g8,add_chan,0.25,8,8,8,1.0,8,0,0,3,0.375,3,0,0,0,0,0,0,3,0,0.0,,0,0,0.0,,0,0.0
2,transition_g8,add_chan,0.4,8,8,8,1.0,8,0,0,2,0.25,2,0,0,0,0,0,0,2,0,0.0,,0,0,0.0,,0,0.0
2,transition_g8,delete_bilin,0.25,4,4,4,1.0,4,0,0,2,0.5,2,0,2,2,2,2,0,3,2,0.5,1.0,1,1,0.25,0.5,1,0.25
2,transition_g8,delete_bilin,0.4,4,4,4,1.0,4,0,0,2,0.5,2,0,2,2,2,2,0,2,1,0.25,0.5,1,1,0.25,0.5,1,0.25
2,transition_g8,immigrate,0.25,5,5,4,0.8,4,0,1,0,0.0,0,0,0,0,0,0,0,0,0,0.0,,0,0,0.0,,0,0.0
2,transition_g8,immigrate,0.4,5,5,4,0.8,4,0,1,0,0.0,0,0,0,0,0,0,0,0,0,0.0,,0,0,0.0,,0,0.0
2,transition_g8,merge_cross_edge,0.25,8,8,8,1.0,8,0,0,3,0.375,3,0,3,3,3,3,0,3,0,0.0,0.0,0,0,0.0,0.0,0,0.0
2,transition_g8,merge_cross_edge,0.4,8,8,8,1.0,8,0,0,1,0.125,1,0,3,3,3,3,0,1,0,0.0,0.0,0,0,0.0,0.0,0,0.0
2,transition_g8,merge_slow_tanh,0.25,2,2,2,1.0,2,0,0,1,0.5,1,0,0,0,0,0,0,1,0,0.0,,0,0,0.0,,0,0.0
2,transition_g8,merge_slow_tanh,0.4,2,2,2,1.0,2,0,0,0,0.0,0,0,0,0,0,0,0,0,0,0.0,,0,0,0.0,,0,0.0
2,transition_g8,merge_spatial_ic,0.25,23,11,23,1.0,23,0,0,10,0.43478260869565216,10,0,4,4,4,4,0,10,3,0.13043478260869565,0.75,3,3,0.13043478260869565,0.75,3,0.13043478260869565
2,transition_g8,merge_spatial_ic,0.4,23,11,23,1.0,23,0,0,9,0.391304347826087,9,0,4,4,4,4,0,10,3,0.13043478260869565,0.75,2,2,0.08695652173913043,0.5,2,0.08695652173913043
2,transition_g8,mint_bilin,0.25,16,16,16,1.0,16,0,0,6,0.375,6,0,4,4,4,4,0,7,1,0.0625,0.25,0,0,0.0,0.0,0,0.0
2,transition_g8,mint_bilin,0.4,16,16,16,1.0,16,0,0,6,0.375,6,0,4,4,4,4,0,7,1,0.0625,0.25,0,0,0.0,0.0,0,0.0
2,transition_g8,mutate,0.25,16,16,15,0.9375,15,0,1,2,0.125,2,0,6,6,6,6,0,2,1,0.0625,0.16666666666666666,1,1,0.0625,0.16666666666666666,1,0.0625
2,transition_g8,mutate,0.4,16,16,15,0.9375,15,0,1,2,0.125,2,0,6,6,6,6,0,2,1,0.0625,0.16666666666666666,1,1,0.0625,0.16666666666666666,1,0.0625
2,late_g9_12,ALL,0.25,277,266,262,0.9458483754512635,262,0,15,66,0.23826714801444043,66,0,67,67,65,65,0,71,14,0.05054151624548736,0.208955223880597,9,6,0.021660649819494584,0.09230769230769231,6,0.021660649819494584
2,late_g9_12,ALL,0.4,277,266,262,0.9458483754512635,262,0,15,56,0.20216606498194944,56,0,67,67,65,65,0,60,13,0.04693140794223827,0.19402985074626866,9,6,0.021660649819494584,0.09230769230769231,6,0.021660649819494584
2,late_g9_12,add_chan,0.25,32,32,32,1.0,32,0,0,5,0.15625,5,0,9,9,8,8,0,5,1,0.03125,0.1111111111111111,1,0,0.0,0.0,0,0.0
2,late_g9_12,add_chan,0.4,32,32,32,1.0,32,0,0,5,0.15625,5,0,9,9,8,8,0,5,1,0.03125,0.1111111111111111,1,0,0.0,0.0,0,0.0
2,late_g9_12,delete_bilin,0.25,16,12,16,1.0,16,0,0,6,0.375,6,0,3,3,3,3,0,6,0,0.0,0.0,0,0,0.0,0.0,0,0.0
2,late_g9_12,delete_bilin,0.4,16,12,16,1.0,16,0,0,5,0.3125,5,0,3,3,3,3,0,5,0,0.0,0.0,0,0,0.0,0.0,0,0.0
2,late_g9_12,immigrate,0.25,20,20,8,0.4,8,0,12,0,0.0,0,0,1,1,1,1,0,0,0,0.0,0.0,0,0,0.0,0.0,0,0.0
2,late_g9_12,immigrate,0.4,20,20,8,0.4,8,0,12,0,0.0,0,0,1,1,1,1,0,0,0,0.0,0.0,0,0,0.0,0.0,0,0.0
2,late_g9_12,merge_cross_edge,0.25,29,29,29,1.0,29,0,0,6,0.20689655172413793,6,0,8,8,8,8,0,6,0,0.0,0.0,0,0,0.0,0.0,0,0.0
2,late_g9_12,merge_cross_edge,0.4,29,29,29,1.0,29,0,0,4,0.13793103448275862,4,0,8,8,8,8,0,4,0,0.0,0.0,0,0,0.0,0.0,0,0.0
2,late_g9_12,merge_slow_tanh,0.25,7,7,7,1.0,7,0,0,1,0.14285714285714285,1,0,2,2,2,2,0,1,0,0.0,0.0,0,0,0.0,0.0,0,0.0
2,late_g9_12,merge_slow_tanh,0.4,7,7,7,1.0,7,0,0,0,0.0,0,0,2,2,2,2,0,0,0,0.0,0.0,0,0,0.0,0.0,0,0.0
2,late_g9_12,merge_spatial_ic,0.25,13,6,13,1.0,13,0,0,3,0.23076923076923078,3,0,4,4,4,4,0,4,2,0.15384615384615385,0.5,1,1,0.07692307692307693,0.25,1,0.07692307692307693
2,late_g9_12,merge_spatial_ic,0.4,13,6,13,1.0,13,0,0,2,0.15384615384615385,2,0,4,4,4,4,0,3,2,0.15384615384615385,0.5,1,1,0.07692307692307693,0.25,1,0.07692307692307693
2,late_g9_12,mint_bilin,0.25,72,72,72,1.0,72,0,0,29,0.4027777777777778,29,0,15,15,15,15,0,30,6,0.08333333333333333,0.4,5,4,0.05555555555555555,0.26666666666666666,4,0.05555555555555555
2,late_g9_12,mint_bilin,0.4,72,72,72,1.0,72,0,0,27,0.375,27,0,15,15,15,15,0,27,6,0.08333333333333333,0.4,6,4,0.05555555555555555,0.26666666666666666,4,0.05555555555555555
2,late_g9_12,mutate,0.25,88,88,85,0.9659090909090909,85,0,3,16,0.18181818181818182,16,0,25,25,24,24,0,19,5,0.056818181818181816,0.2,2,1,0.011363636363636364,0.041666666666666664,1,0.011363636363636364
2,late_g9_12,mutate,0.4,88,88,85,0.9659090909090909,85,0,3,13,0.14772727272727273,13,0,25,25,24,24,0,16,4,0.045454545454545456,0.16,1,1,0.011363636363636364,0.041666666666666664,1,0.011363636363636364
2,continuation_g8_12,ALL,0.25,359,333,342,0.9526462395543176,342,0,17,93,0.2590529247910863,93,0,86,86,84,84,0,100,21,0.0584958217270195,0.2441860465116279,14,11,0.03064066852367688,0.13095238095238096,11,0.03064066852367688
2,continuation_g8_12,ALL,0.4,359,333,342,0.9526462395543176,342,0,17,78,0.21727019498607242,78,0,86,86,84,84,0,84,19,0.052924791086350974,0.22093023255813954,13,10,0.027855153203342618,0.11904761904761904,10,0.027855153203342618
2,continuation_g8_12,add_chan,0.25,40,40,40,1.0,40,0,0,8,0.2,8,0,9,9,8,8,0,8,1,0.025,0.1111111111111111,1,0,0.0,0.0,0,0.0
2,continuation_g8_12,add_chan,0.4,40,40,40,1.0,40,0,0,7,0.175,7,0,9,9,8,8,0,7,1,0.025,0.1111111111111111,1,0,0.0,0.0,0,0.0
2,continuation_g8_12,delete_bilin,0.25,20,15,20,1.0,20,0,0,8,0.4,8,0,5,5,5,5,0,9,2,0.1,0.4,1,1,0.05,0.2,1,0.05
2,continuation_g8_12,delete_bilin,0.4,20,15,20,1.0,20,0,0,7,0.35,7,0,5,5,5,5,0,7,1,0.05,0.2,1,1,0.05,0.2,1,0.05
2,continuation_g8_12,immigrate,0.25,25,25,12,0.48,12,0,13,0,0.0,0,0,1,1,1,1,0,0,0,0.0,0.0,0,0,0.0,0.0,0,0.0
2,continuation_g8_12,immigrate,0.4,25,25,12,0.48,12,0,13,0,0.0,0,0,1,1,1,1,0,0,0,0.0,0.0,0,0,0.0,0.0,0,0.0
2,continuation_g8_12,merge_cross_edge,0.25,37,37,37,1.0,37,0,0,9,0.24324324324324326,9,0,11,11,11,11,0,9,0,0.0,0.0,0,0,0.0,0.0,0,0.0
2,continuation_g8_12,merge_cross_edge,0.4,37,37,37,1.0,37,0,0,5,0.13513513513513514,5,0,11,11,11,11,0,5,0,0.0,0.0,0,0,0.0,0.0,0,0.0
2,continuation_g8_12,merge_slow_tanh,0.25,9,9,9,1.0,9,0,0,2,0.2222222222222222,2,0,2,2,2,2,0,2,0,0.0,0.0,0,0,0.0,0.0,0,0.0
2,continuation_g8_12,merge_slow_tanh,0.4,9,9,9,1.0,9,0,0,0,0.0,0,0,2,2,2,2,0,0,0,0.0,0.0,0,0,0.0,0.0,0,0.0
2,continuation_g8_12,merge_spatial_ic,0.25,36,16,36,1.0,36,0,0,13,0.3611111111111111,13,0,8,8,8,8,0,14,5,0.1388888888888889,0.625,4,4,0.1111111111111111,0.5,4,0.1111111111111111
2,continuation_g8_12,merge_spatial_ic,0.4,36,16,36,1.0,36,0,0,11,0.3055555555555556,11,0,8,8,8,8,0,13,5,0.1388888888888889,0.625,3,3,0.08333333333333333,0.375,3,0.08333333333333333
2,continuation_g8_12,mint_bilin,0.25,88,88,88,1.0,88,0,0,35,0.3977272727272727,35,0,19,19,19,19,0,37,7,0.07954545454545454,0.3684210526315789,5,4,0.045454545454545456,0.21052631578947367,4,0.045454545454545456
2,continuation_g8_12,mint_bilin,0.4,88,88,88,1.0,88,0,0,33,0.375,33,0,19,19,19,19,0,34,7,0.07954545454545454,0.3684210526315789,6,4,0.045454545454545456,0.21052631578947367,4,0.045454545454545456
2,continuation_g8_12,mutate,0.25,104,104,100,0.9615384615384616,100,0,4,18,0.17307692307692307,18,0,31,31,30,30,0,21,6,0.057692307692307696,0.1935483870967742,3,2,0.019230769230769232,0.06666666666666667,2,0.019230769230769232
2,continuation_g8_12,mutate,0.4,104,104,100,0.9615384615384616,100,0,4,15,0.14423076923076922,15,0,31,31,30,30,0,18,5,0.04807692307692308,0.16129032258064516,2,2,0.019230769230769232,0.06666666666666667,2,0.019230769230769232
2,all_g1_12,ALL,0.25,1045,967,904,0.8650717703349282,896,8,141,235,0.22488038277511962,233,2,325,325,293,301,8,263,91,0.08708133971291866,0.28,63,40,0.03827751196172249,0.13651877133105803,40,0.03827751196172249
2,all_g1_12,ALL,0.4,1045,967,904,0.8650717703349282,896,8,141,201,0.1923444976076555,200,1,325,325,293,301,8,227,83,0.07942583732057416,0.2553846153846154,57,35,0.03349282296650718,0.11945392491467577,35,0.03349282296650718
2,all_g1_12,add_chan,0.25,96,96,94,0.9791666666666666,94,0,2,19,0.19791666666666666,19,0,40,40,37,39,2,24,10,0.10416666666666667,0.25,5,3,0.03125,0.08108108108108109,3,0.03125
2,all_g1_12,add_chan,0.4,96,96,94,0.9791666666666666,94,0,2,18,0.1875,18,0,40,40,37,39,2,22,9,0.09375,0.225,5,3,0.03125,0.08108108108108109,3,0.03125
2,all_g1_12,delete_bilin,0.25,48,35,48,1.0,48,0,0,18,0.375,18,0,13,13,11,12,1,20,4,0.08333333333333333,0.3076923076923077,2,1,0.020833333333333332,0.09090909090909091,1,0.020833333333333332
2,all_g1_12,delete_bilin,0.4,48,35,48,1.0,48,0,0,17,0.3541666666666667,17,0,13,13,11,12,1,18,3,0.0625,0.23076923076923078,2,1,0.020833333333333332,0.09090909090909091,1,0.020833333333333332
2,all_g1_12,dup_act,0.25,56,56,35,0.625,35,0,21,0,0.0,0,0,17,17,14,14,0,1,1,0.017857142857142856,0.058823529411764705,0,0,0.0,0.0,0,0.0
2,all_g1_12,dup_act,0.4,56,56,35,0.625,35,0,21,0,0.0,0,0,17,17,14,14,0,1,1,0.017857142857142856,0.058823529411764705,0,0,0.0,0.0,0,0.0
2,all_g1_12,immigrate,0.25,165,165,79,0.47878787878787876,79,0,86,0,0.0,0,0,5,5,5,5,0,0,0,0.0,0.0,0,0,0.0,0.0,0,0.0
2,all_g1_12,immigrate,0.4,165,165,79,0.47878787878787876,79,0,86,0,0.0,0,0,5,5,5,5,0,0,0,0.0,0.0,0,0,0.0,0.0,0,0.0
2,all_g1_12,merge_cross_edge,0.25,145,145,142,0.9793103448275862,142,0,3,45,0.3103448275862069,45,0,61,61,57,59,2,48,18,0.12413793103448276,0.29508196721311475,15,8,0.05517241379310345,0.14035087719298245,8,0.05517241379310345
2,all_g1_12,merge_cross_edge,0.4,145,145,142,0.9793103448275862,142,0,3,37,0.25517241379310346,37,0,61,61,57,59,2,39,15,0.10344827586206896,0.2459016393442623,13,6,0.041379310344827586,0.10526315789473684,6,0.041379310344827586
2,all_g1_12,merge_share_chan,0.25,25,24,7,0.28,7,0,18,0,0.0,0,0,3,3,3,3,0,1,1,0.04,0.3333333333333333,0,0,0.0,0.0,0,0.0
2,all_g1_12,merge_share_chan,0.4,25,24,7,0.28,7,0,18,0,0.0,0,0,3,3,3,3,0,0,0,0.0,0.0,0,0,0.0,0.0,0,0.0
2,all_g1_12,merge_slow_tanh,0.25,30,30,30,1.0,30,0,0,8,0.26666666666666666,8,0,12,12,12,12,0,8,2,0.06666666666666667,0.16666666666666666,2,2,0.06666666666666667,0.16666666666666666,2,0.06666666666666667
2,all_g1_12,merge_slow_tanh,0.4,30,30,30,1.0,30,0,0,5,0.16666666666666666,5,0,12,12,12,12,0,5,2,0.06666666666666667,0.16666666666666666,2,2,0.06666666666666667,0.16666666666666666,2,0.06666666666666667
2,all_g1_12,merge_spatial_ic,0.25,92,36,92,1.0,84,8,0,35,0.3804347826086957,33,2,32,32,29,29,0,40,15,0.16304347826086957,0.46875,10,8,0.08695652173913043,0.27586206896551724,8,0.08695652173913043
2,all_g1_12,merge_spatial_ic,0.4,92,36,92,1.0,84,8,0,30,0.32608695652173914,29,1,32,32,29,29,0,35,14,0.15217391304347827,0.4375,9,7,0.07608695652173914,0.2413793103448276,7,0.07608695652173914
2,all_g1_12,mint_bilin,0.25,172,172,172,1.0,172,0,0,64,0.37209302325581395,64,0,53,53,49,50,1,70,19,0.11046511627906977,0.3584905660377358,13,9,0.05232558139534884,0.1836734693877551,9,0.05232558139534884
2,all_g1_12,mint_bilin,0.4,172,172,172,1.0,172,0,0,56,0.32558139534883723,56,0,53,53,49,50,1,62,18,0.10465116279069768,0.33962264150943394,12,8,0.046511627906976744,0.16326530612244897,8,0.046511627906976744
2,all_g1_12,mutate,0.25,216,216,205,0.9490740740740741,205,0,11,46,0.21296296296296297,46,0,89,89,76,78,2,51,21,0.09722222222222222,0.23595505617977527,16,9,0.041666666666666664,0.11842105263157894,9,0.041666666666666664
2,all_g1_12,mutate,0.4,216,216,205,0.9490740740740741,205,0,11,38,0.17592592592592593,38,0,89,89,76,78,2,45,21,0.09722222222222222,0.23595505617977527,14,8,0.037037037037037035,0.10526315789473684,8,0.037037037037037035
both,baseline_g1_7,ALL,0.25,1376,1278,1127,0.8190406976744186,1114,13,249,281,0.20421511627906977,275,6,496,496,435,446,11,325,148,0.10755813953488372,0.29838709677419356,104,67,0.04869186046511628,0.15402298850574714,66,0.04796511627906977
both,baseline_g1_7,ALL,0.4,1376,1278,1127,0.8190406976744186,1114,13,249,241,0.1751453488372093,237,4,496,496,435,446,11,281,130,0.09447674418604651,0.2620967741935484,90,55,0.03997093023255814,0.12643678160919541,54,0.03924418604651163
both,baseline_g1_7,add_chan,0.25,112,112,110,0.9821428571428571,110,0,2,26,0.23214285714285715,26,0,60,60,53,57,4,34,20,0.17857142857142858,0.3333333333333333,12,8,0.07142857142857142,0.1509433962264151,8,0.07142857142857142
both,baseline_g1_7,add_chan,0.4,112,112,110,0.9821428571428571,110,0,2,26,0.23214285714285715,26,0,60,60,53,57,4,31,17,0.15178571428571427,0.2833333333333333,12,6,0.05357142857142857,0.11320754716981132,6,0.05357142857142857
both,baseline_g1_7,delete_bilin,0.25,56,34,56,1.0,56,0,0,19,0.3392857142857143,19,0,21,21,18,19,1,20,7,0.125,0.3333333333333333,6,5,0.08928571428571429,0.2777777777777778,5,0.08928571428571429
both,baseline_g1_7,delete_bilin,0.4,56,34,56,1.0,56,0,0,17,0.30357142857142855,17,0,21,21,18,19,1,19,7,0.125,0.3333333333333333,5,3,0.05357142857142857,0.16666666666666666,3,0.05357142857142857
both,baseline_g1_7,dup_act,0.25,112,112,75,0.6696428571428571,75,0,37,0,0.0,0,0,39,39,33,33,0,1,1,0.008928571428571428,0.02564102564102564,0,0,0.0,0.0,0,0.0
both,baseline_g1_7,dup_act,0.4,112,112,75,0.6696428571428571,75,0,37,0,0.0,0,0,39,39,33,33,0,1,1,0.008928571428571428,0.02564102564102564,0,0,0.0,0.0,0,0.0
both,baseline_g1_7,immigrate,0.25,280,280,124,0.44285714285714284,124,0,156,0,0.0,0,0,8,8,7,7,0,0,0,0.0,0.0,0,0,0.0,0.0,0,0.0
both,baseline_g1_7,immigrate,0.4,280,280,124,0.44285714285714284,124,0,156,0,0.0,0,0,8,8,7,7,0,0,0,0.0,0.0,0,0,0.0,0.0,0,0.0
both,baseline_g1_7,merge_cross_edge,0.25,219,219,212,0.9680365296803652,212,0,7,65,0.2968036529680365,65,0,100,100,90,92,2,77,36,0.1643835616438356,0.36,24,11,0.0502283105022831,0.12222222222222222,11,0.0502283105022831
both,baseline_g1_7,merge_cross_edge,0.4,219,219,212,0.9680365296803652,212,0,7,57,0.2602739726027397,57,0,100,100,90,92,2,67,31,0.1415525114155251,0.31,21,8,0.0365296803652968,0.08888888888888889,8,0.0365296803652968
both,baseline_g1_7,merge_share_chan,0.25,51,47,15,0.29411764705882354,15,0,36,0,0.0,0,0,9,9,7,7,0,2,2,0.0392156862745098,0.2222222222222222,0,0,0.0,0.0,0,0.0
both,baseline_g1_7,merge_share_chan,0.4,51,47,15,0.29411764705882354,15,0,36,0,0.0,0,0,9,9,7,7,0,0,0,0.0,0.0,0,0,0.0,0.0,0,0.0
both,baseline_g1_7,merge_slow_tanh,0.25,42,42,41,0.9761904761904762,41,0,1,14,0.3333333333333333,14,0,22,22,21,21,0,16,8,0.19047619047619047,0.36363636363636365,6,5,0.11904761904761904,0.23809523809523808,5,0.11904761904761904
both,baseline_g1_7,merge_slow_tanh,0.4,42,42,41,0.9761904761904762,41,0,1,9,0.21428571428571427,9,0,22,22,21,21,0,12,6,0.14285714285714285,0.2727272727272727,3,3,0.07142857142857142,0.14285714285714285,3,0.07142857142857142
both,baseline_g1_7,merge_spatial_ic,0.25,112,43,112,1.0,99,13,0,52,0.4642857142857143,46,6,49,49,44,44,0,59,23,0.20535714285714285,0.46938775510204084,16,12,0.10714285714285714,0.2727272727272727,11,0.09821428571428571
both,baseline_g1_7,merge_spatial_ic,0.4,112,43,112,1.0,99,13,0,45,0.4017857142857143,41,4,49,49,44,44,0,51,21,0.1875,0.42857142857142855,15,12,0.10714285714285714,0.2727272727272727,11,0.09821428571428571
both,baseline_g1_7,mint_bilin,0.25,168,168,168,1.0,168,0,0,57,0.3392857142857143,57,0,72,72,61,63,2,65,26,0.15476190476190477,0.3611111111111111,18,11,0.06547619047619048,0.18032786885245902,11,0.06547619047619048
both,baseline_g1_7,mint_bilin,0.4,168,168,168,1.0,168,0,0,51,0.30357142857142855,51,0,72,72,61,63,2,59,23,0.13690476190476192,0.3194444444444444,15,10,0.05952380952380952,0.16393442622950818,10,0.05952380952380952
both,baseline_g1_7,mutate,0.25,224,224,214,0.9553571428571429,214,0,10,48,0.21428571428571427,48,0,116,116,101,103,2,51,25,0.11160714285714286,0.21551724137931033,22,15,0.06696428571428571,0.1485148514851485,15,0.06696428571428571
both,baseline_g1_7,mutate,0.4,224,224,214,0.9553571428571429,214,0,10,36,0.16071428571428573,36,0,116,116,101,103,2,41,24,0.10714285714285714,0.20689655172413793,19,13,0.05803571428571429,0.12871287128712872,13,0.05803571428571429
both,transition_g8,ALL,0.25,163,145,156,0.9570552147239264,156,0,7,49,0.3006134969325153,49,0,47,47,46,46,0,52,10,0.06134969325153374,0.2127659574468085,7,6,0.03680981595092025,0.13043478260869565,6,0.03680981595092025
both,transition_g8,ALL,0.4,163,145,156,0.9570552147239264,156,0,7,38,0.2331288343558282,38,0,47,47,46,46,0,41,9,0.05521472392638037,0.19148936170212766,6,5,0.03067484662576687,0.10869565217391304,5,0.03067484662576687
both,transition_g8,add_chan,0.25,16,16,16,1.0,16,0,0,3,0.1875,3,0,4,4,4,4,0,3,0,0.0,0.0,0,0,0.0,0.0,0,0.0
both,transition_g8,add_chan,0.4,16,16,16,1.0,16,0,0,2,0.125,2,0,4,4,4,4,0,2,0,0.0,0.0,0,0,0.0,0.0,0,0.0
both,transition_g8,delete_bilin,0.25,8,8,8,1.0,8,0,0,3,0.375,3,0,3,3,3,3,0,4,3,0.375,1.0,2,1,0.125,0.3333333333333333,1,0.125
both,transition_g8,delete_bilin,0.4,8,8,8,1.0,8,0,0,3,0.375,3,0,3,3,3,3,0,3,2,0.25,0.6666666666666666,2,1,0.125,0.3333333333333333,1,0.125
both,transition_g8,immigrate,0.25,10,10,5,0.5,5,0,5,0,0.0,0,0,0,0,0,0,0,0,0,0.0,,0,0,0.0,,0,0.0
both,transition_g8,immigrate,0.4,10,10,5,0.5,5,0,5,0,0.0,0,0,0,0,0,0,0,0,0,0.0,,0,0,0.0,,0,0.0
both,transition_g8,merge_cross_edge,0.25,15,15,15,1.0,15,0,0,4,0.26666666666666666,4,0,7,7,7,7,0,4,0,0.0,0.0,0,0,0.0,0.0,0,0.0
both,transition_g8,merge_cross_edge,0.4,15,15,15,1.0,15,0,0,2,0.13333333333333333,2,0,7,7,7,7,0,2,0,0.0,0.0,0,0,0.0,0.0,0,0.0
both,transition_g8,merge_slow_tanh,0.25,5,5,5,1.0,5,0,0,3,0.6,3,0,0,0,0,0,0,3,0,0.0,,0,0,0.0,,0,0.0
both,transition_g8,merge_slow_tanh,0.4,5,5,5,1.0,5,0,0,2,0.4,2,0,0,0,0,0,0,2,0,0.0,,0,0,0.0,,0,0.0
both,transition_g8,merge_spatial_ic,0.25,45,27,45,1.0,45,0,0,19,0.4222222222222222,19,0,12,12,12,12,0,20,4,0.08888888888888889,0.3333333333333333,3,3,0.06666666666666667,0.25,3,0.06666666666666667
both,transition_g8,merge_spatial_ic,0.4,45,27,45,1.0,45,0,0,14,0.3111111111111111,14,0,12,12,12,12,0,16,4,0.08888888888888889,0.3333333333333333,2,2,0.044444444444444446,0.16666666666666666,2,0.044444444444444446
both,transition_g8,mint_bilin,0.25,32,32,32,1.0,32,0,0,14,0.4375,14,0,8,8,8,8,0,15,2,0.0625,0.25,1,1,0.03125,0.125,1,0.03125
both,transition_g8,mint_bilin,0.4,32,32,32,1.0,32,0,0,12,0.375,12,0,8,8,8,8,0,13,2,0.0625,0.25,1,1,0.03125,0.125,1,0.03125
both,transition_g8,mutate,0.25,32,32,30,0.9375,30,0,2,3,0.09375,3,0,13,13,12,12,0,3,1,0.03125,0.07692307692307693,1,1,0.03125,0.08333333333333333,1,0.03125
both,transition_g8,mutate,0.4,32,32,30,0.9375,30,0,2,3,0.09375,3,0,13,13,12,12,0,3,1,0.03125,0.07692307692307693,1,1,0.03125,0.08333333333333333,1,0.03125
both,late_g9_12,ALL,0.25,560,541,523,0.9339285714285714,523,0,37,137,0.24464285714285713,137,0,151,151,145,145,0,145,35,0.0625,0.23178807947019867,27,23,0.04107142857142857,0.15862068965517243,23,0.04107142857142857
both,late_g9_12,ALL,0.4,560,541,523,0.9339285714285714,523,0,37,121,0.21607142857142858,121,0,151,151,145,145,0,128,33,0.05892857142857143,0.2185430463576159,26,22,0.039285714285714285,0.15172413793103448,22,0.039285714285714285
both,late_g9_12,add_chan,0.25,64,64,62,0.96875,62,0,2,11,0.171875,11,0,23,23,21,21,0,12,4,0.0625,0.17391304347826086,3,2,0.03125,0.09523809523809523,2,0.03125
both,late_g9_12,add_chan,0.4,64,64,62,0.96875,62,0,2,10,0.15625,10,0,23,23,21,21,0,11,4,0.0625,0.17391304347826086,3,2,0.03125,0.09523809523809523,2,0.03125
both,late_g9_12,delete_bilin,0.25,32,26,32,1.0,32,0,0,12,0.375,12,0,7,7,7,7,0,12,2,0.0625,0.2857142857142857,2,2,0.0625,0.2857142857142857,2,0.0625
both,late_g9_12,delete_bilin,0.4,32,26,32,1.0,32,0,0,11,0.34375,11,0,7,7,7,7,0,11,2,0.0625,0.2857142857142857,2,2,0.0625,0.2857142857142857,2,0.0625
both,late_g9_12,immigrate,0.25,40,40,15,0.375,15,0,25,0,0.0,0,0,1,1,1,1,0,0,0,0.0,0.0,0,0,0.0,0.0,0,0.0
both,late_g9_12,immigrate,0.4,40,40,15,0.375,15,0,25,0,0.0,0,0,1,1,1,1,0,0,0,0.0,0.0,0,0,0.0,0.0,0,0.0
both,late_g9_12,merge_cross_edge,0.25,60,60,60,1.0,60,0,0,14,0.23333333333333334,14,0,19,19,19,19,0,14,0,0.0,0.0,0,0,0.0,0.0,0,0.0
both,late_g9_12,merge_cross_edge,0.4,60,60,60,1.0,60,0,0,10,0.16666666666666666,10,0,19,19,19,19,0,10,0,0.0,0.0,0,0,0.0,0.0,0,0.0
both,late_g9_12,merge_slow_tanh,0.25,19,19,19,1.0,19,0,0,3,0.15789473684210525,3,0,7,7,7,7,0,3,1,0.05263157894736842,0.14285714285714285,1,1,0.05263157894736842,0.14285714285714285,1,0.05263157894736842
both,late_g9_12,merge_slow_tanh,0.4,19,19,19,1.0,19,0,0,2,0.10526315789473684,2,0,7,7,7,7,0,2,1,0.05263157894736842,0.14285714285714285,1,1,0.05263157894736842,0.14285714285714285,1,0.05263157894736842
both,late_g9_12,merge_spatial_ic,0.25,25,13,25,1.0,25,0,0,9,0.36,9,0,7,7,6,6,0,10,2,0.08,0.2857142857142857,1,1,0.04,0.16666666666666666,1,0.04
both,late_g9_12,merge_spatial_ic,0.4,25,13,25,1.0,25,0,0,8,0.32,8,0,7,7,6,6,0,9,2,0.08,0.2857142857142857,1,1,0.04,0.16666666666666666,1,0.04
both,late_g9_12,mint_bilin,0.25,144,144,144,1.0,144,0,0,57,0.3958333333333333,57,0,36,36,35,35,0,60,17,0.11805555555555555,0.4722222222222222,14,12,0.08333333333333333,0.34285714285714286,12,0.08333333333333333
both,late_g9_12,mint_bilin,0.4,144,144,144,1.0,144,0,0,53,0.3680555555555556,53,0,36,36,35,35,0,55,17,0.11805555555555555,0.4722222222222222,15,12,0.08333333333333333,0.34285714285714286,12,0.08333333333333333
both,late_g9_12,mutate,0.25,176,176,166,0.9431818181818182,166,0,10,31,0.17613636363636365,31,0,51,51,49,49,0,34,9,0.05113636363636364,0.17647058823529413,6,5,0.028409090909090908,0.10204081632653061,5,0.028409090909090908
both,late_g9_12,mutate,0.4,176,176,166,0.9431818181818182,166,0,10,27,0.1534090909090909,27,0,51,51,49,49,0,30,7,0.03977272727272727,0.13725490196078433,4,4,0.022727272727272728,0.08163265306122448,4,0.022727272727272728
both,continuation_g8_12,ALL,0.25,723,678,679,0.9391424619640387,679,0,44,186,0.2572614107883817,186,0,198,198,191,191,0,197,45,0.06224066390041494,0.22727272727272727,34,29,0.040110650069156296,0.1518324607329843,29,0.040110650069156296
both,continuation_g8_12,ALL,0.4,723,678,679,0.9391424619640387,679,0,44,159,0.21991701244813278,159,0,198,198,191,191,0,169,42,0.058091286307053944,0.21212121212121213,32,27,0.03734439834024896,0.14136125654450263,27,0.03734439834024896
both,continuation_g8_12,add_chan,0.25,80,80,78,0.975,78,0,2,14,0.175,14,0,27,27,25,25,0,15,4,0.05,0.14814814814814814,3,2,0.025,0.08,2,0.025
both,continuation_g8_12,add_chan,0.4,80,80,78,0.975,78,0,2,12,0.15,12,0,27,27,25,25,0,13,4,0.05,0.14814814814814814,3,2,0.025,0.08,2,0.025
both,continuation_g8_12,delete_bilin,0.25,40,33,40,1.0,40,0,0,15,0.375,15,0,10,10,10,10,0,16,5,0.125,0.5,4,3,0.075,0.3,3,0.075
both,continuation_g8_12,delete_bilin,0.4,40,33,40,1.0,40,0,0,14,0.35,14,0,10,10,10,10,0,14,4,0.1,0.4,4,3,0.075,0.3,3,0.075
both,continuation_g8_12,immigrate,0.25,50,50,20,0.4,20,0,30,0,0.0,0,0,1,1,1,1,0,0,0,0.0,0.0,0,0,0.0,0.0,0,0.0
both,continuation_g8_12,immigrate,0.4,50,50,20,0.4,20,0,30,0,0.0,0,0,1,1,1,1,0,0,0,0.0,0.0,0,0,0.0,0.0,0,0.0
both,continuation_g8_12,merge_cross_edge,0.25,75,75,75,1.0,75,0,0,18,0.24,18,0,26,26,26,26,0,18,0,0.0,0.0,0,0,0.0,0.0,0,0.0
both,continuation_g8_12,merge_cross_edge,0.4,75,75,75,1.0,75,0,0,12,0.16,12,0,26,26,26,26,0,12,0,0.0,0.0,0,0,0.0,0.0,0,0.0
both,continuation_g8_12,merge_slow_tanh,0.25,24,24,24,1.0,24,0,0,6,0.25,6,0,7,7,7,7,0,6,1,0.041666666666666664,0.14285714285714285,1,1,0.041666666666666664,0.14285714285714285,1,0.041666666666666664
both,continuation_g8_12,merge_slow_tanh,0.4,24,24,24,1.0,24,0,0,4,0.16666666666666666,4,0,7,7,7,7,0,4,1,0.041666666666666664,0.14285714285714285,1,1,0.041666666666666664,0.14285714285714285,1,0.041666666666666664
both,continuation_g8_12,merge_spatial_ic,0.25,70,34,70,1.0,70,0,0,28,0.4,28,0,19,19,18,18,0,30,6,0.08571428571428572,0.3157894736842105,4,4,0.05714285714285714,0.2222222222222222,4,0.05714285714285714
both,continuation_g8_12,merge_spatial_ic,0.4,70,34,70,1.0,70,0,0,22,0.3142857142857143,22,0,19,19,18,18,0,25,6,0.08571428571428572,0.3157894736842105,3,3,0.04285714285714286,0.16666666666666666,3,0.04285714285714286
both,continuation_g8_12,mint_bilin,0.25,176,176,176,1.0,176,0,0,71,0.4034090909090909,71,0,44,44,43,43,0,75,19,0.10795454545454546,0.4318181818181818,15,13,0.07386363636363637,0.3023255813953488,13,0.07386363636363637
both,continuation_g8_12,mint_bilin,0.4,176,176,176,1.0,176,0,0,65,0.3693181818181818,65,0,44,44,43,43,0,68,19,0.10795454545454546,0.4318181818181818,16,13,0.07386363636363637,0.3023255813953488,13,0.07386363636363637
both,continuation_g8_12,mutate,0.25,208,208,196,0.9423076923076923,196,0,12,34,0.16346153846153846,34,0,64,64,61,61,0,37,10,0.04807692307692308,0.15625,7,6,0.028846153846153848,0.09836065573770492,6,0.028846153846153848
both,continuation_g8_12,mutate,0.4,208,208,196,0.9423076923076923,196,0,12,30,0.14423076923076922,30,0,64,64,61,61,0,33,8,0.038461538461538464,0.125,5,5,0.02403846153846154,0.08196721311475409,5,0.02403846153846154
both,all_g1_12,ALL,0.25,2099,1929,1806,0.8604097189137685,1793,13,293,467,0.22248689852310624,461,6,694,694,626,637,11,522,193,0.09194854692710815,0.2780979827089337,138,96,0.045736064792758456,0.15335463258785942,95,0.04525964745116722
both,all_g1_12,ALL,0.4,2099,1929,1806,0.8604097189137685,1793,13,293,400,0.19056693663649357,396,4,694,694,626,637,11,450,172,0.08194378275369224,0.2478386167146974,122,82,0.03906622201048118,0.13099041533546327,81,0.03858980466888995
both,all_g1_12,add_chan,0.25,192,192,188,0.9791666666666666,188,0,4,40,0.20833333333333334,40,0,87,87,78,82,4,49,24,0.125,0.27586206896551724,15,10,0.052083333333333336,0.1282051282051282,10,0.052083333333333336
both,all_g1_12,add_chan,0.4,192,192,188,0.9791666666666666,188,0,4,38,0.19791666666666666,38,0,87,87,78,82,4,44,21,0.109375,0.2413793103448276,15,8,0.041666666666666664,0.10256410256410256,8,0.041666666666666664
both,all_g1_12,delete_bilin,0.25,96,63,96,1.0,96,0,0,34,0.3541666666666667,34,0,31,31,28,29,1,36,12,0.125,0.3870967741935484,10,8,0.08333333333333333,0.2857142857142857,8,0.08333333333333333
both,all_g1_12,delete_bilin,0.4,96,63,96,1.0,96,0,0,31,0.3229166666666667,31,0,31,31,28,29,1,33,11,0.11458333333333333,0.3548387096774194,9,6,0.0625,0.21428571428571427,6,0.0625
both,all_g1_12,dup_act,0.25,112,112,75,0.6696428571428571,75,0,37,0,0.0,0,0,39,39,33,33,0,1,1,0.008928571428571428,0.02564102564102564,0,0,0.0,0.0,0,0.0
both,all_g1_12,dup_act,0.4,112,112,75,0.6696428571428571,75,0,37,0,0.0,0,0,39,39,33,33,0,1,1,0.008928571428571428,0.02564102564102564,0,0,0.0,0.0,0,0.0
both,all_g1_12,immigrate,0.25,330,330,144,0.43636363636363634,144,0,186,0,0.0,0,0,9,9,8,8,0,0,0,0.0,0.0,0,0,0.0,0.0,0,0.0
both,all_g1_12,immigrate,0.4,330,330,144,0.43636363636363634,144,0,186,0,0.0,0,0,9,9,8,8,0,0,0,0.0,0.0,0,0,0.0,0.0,0,0.0
both,all_g1_12,merge_cross_edge,0.25,294,294,287,0.9761904761904762,287,0,7,83,0.282312925170068,83,0,126,126,116,118,2,95,36,0.12244897959183673,0.2857142857142857,24,11,0.03741496598639456,0.09482758620689655,11,0.03741496598639456
both,all_g1_12,merge_cross_edge,0.4,294,294,287,0.9761904761904762,287,0,7,69,0.23469387755102042,69,0,126,126,116,118,2,79,31,0.1054421768707483,0.24603174603174602,21,8,0.027210884353741496,0.06896551724137931,8,0.027210884353741496
both,all_g1_12,merge_share_chan,0.25,51,47,15,0.29411764705882354,15,0,36,0,0.0,0,0,9,9,7,7,0,2,2,0.0392156862745098,0.2222222222222222,0,0,0.0,0.0,0,0.0
both,all_g1_12,merge_share_chan,0.4,51,47,15,0.29411764705882354,15,0,36,0,0.0,0,0,9,9,7,7,0,0,0,0.0,0.0,0,0,0.0,0.0,0,0.0
both,all_g1_12,merge_slow_tanh,0.25,66,66,65,0.9848484848484849,65,0,1,20,0.30303030303030304,20,0,29,29,28,28,0,22,9,0.13636363636363635,0.3103448275862069,7,6,0.09090909090909091,0.21428571428571427,6,0.09090909090909091
both,all_g1_12,merge_slow_tanh,0.4,66,66,65,0.9848484848484849,65,0,1,13,0.19696969696969696,13,0,29,29,28,28,0,16,7,0.10606060606060606,0.2413793103448276,4,4,0.06060606060606061,0.14285714285714285,4,0.06060606060606061
both,all_g1_12,merge_spatial_ic,0.25,182,66,182,1.0,169,13,0,80,0.43956043956043955,74,6,68,68,62,62,0,89,29,0.15934065934065933,0.4264705882352941,20,16,0.08791208791208792,0.25806451612903225,15,0.08241758241758242
both,all_g1_12,merge_spatial_ic,0.4,182,66,182,1.0,169,13,0,67,0.36813186813186816,63,4,68,68,62,62,0,76,27,0.14835164835164835,0.39705882352941174,18,15,0.08241758241758242,0.24193548387096775,14,0.07692307692307693
both,all_g1_12,mint_bilin,0.25,344,344,344,1.0,344,0,0,128,0.37209302325581395,128,0,116,116,104,106,2,140,45,0.1308139534883721,0.3879310344827586,33,24,0.06976744186046512,0.23076923076923078,24,0.06976744186046512
both,all_g1_12,mint_bilin,0.4,344,344,344,1.0,344,0,0,116,0.3372093023255814,116,0,116,116,104,106,2,127,42,0.12209302325581395,0.3620689655172414,31,23,0.06686046511627906,0.22115384615384615,23,0.06686046511627906
both,all_g1_12,mutate,0.25,432,432,410,0.9490740740740741,410,0,22,82,0.18981481481481483,82,0,180,180,162,164,2,88,35,0.08101851851851852,0.19444444444444445,29,21,0.04861111111111111,0.12962962962962962,21,0.04861111111111111
both,all_g1_12,mutate,0.4,432,432,410,0.9490740740740741,410,0,22,66,0.1527777777777778,66,0,180,180,162,164,2,74,32,0.07407407407407407,0.17777777777777778,24,18,0.041666666666666664,0.1111111111111111,18,0.041666666666666664
