island,gen,C9_mode,n,status_ok,status_no_blobs,status_fail_g0a,c9_measured_n,c9_partial_n,c9_full_n,c9_missing_n,c9_mean,c9_median,c9_max,preserved_i2_mean,preserved_i2_median,descriptor_bins_observed,unique_ghashes,strict_economy_class_n,common_I025_mean,common_I025_median,common_I025_max,qualifying_025_n,qualifying_025_per_all_n,qualifying_025_descriptor_bins,qualifying_025_strict_economy_class_n,common_I040_mean,common_I040_median,common_I040_max,qualifying_040_n,qualifying_040_per_all_n,qualifying_040_descriptor_bins,qualifying_040_strict_economy_class_n
1,1,all,100,80,13,7,80,75,5,20,0.2429725,0.30355,0.6979,59.10415083919378,65.77611536206916,57,99,5,50.40242562939533,57.161069022993516,75.20083272038946,19,0.19,16,4,45.18139050351627,49.55520591925972,71.8816798252694,16,0.16,14,3
1,1,partial,75,75,0,0,75,75,0,0,0.22629333333333332,0.2616,0.5764,58.07529569096656,64.851661101598,53,75,0,49.21380510155826,54.25804858845859,75.20083272038946,15,0.2,13,0,43.89691074791327,49.25643887076687,71.61035398479223,13,0.17333333333333334,12,0
1,1,full,5,5,0,0,5,0,5,0,0.49316,0.4737,0.6979,74.53697806260205,75.88545184945205,4,4,5,68.23173354695153,70.53791930118574,72.40459978158677,4,0.8,3,4,64.44858683756122,65.28938643722486,71.8816798252694,3,0.6,2,3
1,1,missing,20,0,13,7,0,0,0,20,,,,,,0,20,0,,,,0,0.0,0,0,,,,0,0.0,0,0
1,2,all,100,81,13,6,81,81,0,19,0.2745641975308642,0.3023,0.6452,55.87514637887137,64.30260800212847,52,99,0,48.77046472242513,56.66724421773349,78.97129852615053,21,0.21,15,0,44.50765572855739,50.673564801277074,76.06303882092043,16,0.16,13,0
1,2,partial,81,81,0,0,81,81,0,0,0.2745641975308642,0.3023,0.6452,55.87514637887137,64.30260800212847,52,80,0,48.77046472242513,56.66724421773349,78.97129852615053,21,0.25925925925925924,15,0,44.50765572855739,50.673564801277074,76.06303882092043,16,0.19753086419753085,13,0
1,2,full,0,0,0,0,0,0,0,0,,,,,,0,0,0,,,,0,,0,0,,,,0,,0,0
1,2,missing,19,0,13,6,0,0,0,19,,,,,,0,19,0,,,,0,0.0,0,0,,,,0,0.0,0,0
1,3,all,98,86,9,3,86,86,0,12,0.23622906976744187,0.279,0.6883,55.15356119703754,66.24080756743639,51,95,0,47.270897641964204,57.99812491181147,73.2769650918325,17,0.17346938775510204,12,0,42.5412995089202,52.13214789684004,70.80741993141508,13,0.1326530612244898,10,0
1,3,partial,86,86,0,0,86,86,0,0,0.23622906976744187,0.279,0.6883,55.15356119703754,66.24080756743639,51,83,0,47.270897641964204,57.99812491181147,73.2769650918325,17,0.19767441860465115,12,0,42.5412995089202,52.13214789684004,70.80741993141508,13,0.1511627906976744,10,0
1,3,full,0,0,0,0,0,0,0,0,,,,,,0,0,0,,,,0,,0,0,,,,0,,0,0
1,3,missing,12,0,9,3,0,0,0,12,,,,,,0,12,0,,,,0,0.0,0,0,,,,0,0.0,0,0
1,4,all,98,83,9,6,83,83,0,15,0.24852530120481928,0.2664,0.6295,54.793840636329,64.13315553435307,55,98,0,47.30851300736723,52.416576215239196,80.95316577068337,21,0.21428571428571427,16,0,42.81731642999017,44.679878446637524,77.3525326165467,19,0.19387755102040816,15,0
1,4,partial,83,83,0,0,83,83,0,0,0.24852530120481928,0.2664,0.6295,54.793840636329,64.13315553435307,55,83,0,47.30851300736723,52.416576215239196,80.95316577068337,21,0.25301204819277107,16,0,42.81731642999017,44.679878446637524,77.3525326165467,19,0.2289156626506024,15,0
1,4,full,0,0,0,0,0,0,0,0,,,,,,0,0,0,,,,0,,0,0,,,,0,,0,0
1,4,missing,15,0,9,6,0,0,0,15,,,,,,0,15,0,,,,0,0.0,0,0,,,,0,0.0,0,0
1,5,all,98,82,12,4,82,82,0,16,0.24755853658536586,0.29395,0.7412,56.07333032198861,64.4828016439036,52,98,0,48.2439611561256,54.61098057093216,74.05546397120979,19,0.19387755102040816,14,0,43.5463396566078,48.57910813620617,71.18878304069113,15,0.15306122448979592,13,0
1,5,partial,82,82,0,0,82,82,0,0,0.24755853658536586,0.29395,0.7412,56.07333032198861,64.4828016439036,52,82,0,48.2439611561256,54.61098057093216,74.05546397120979,19,0.23170731707317074,14,0,43.5463396566078,48.57910813620617,71.18878304069113,15,0.18292682926829268,13,0
1,5,full,0,0,0,0,0,0,0,0,,,,,,0,0,0,,,,0,,0,0,,,,0,,0,0
1,5,missing,16,0,12,4,0,0,0,16,,,,,,0,16,0,,,,0,0.0,0,0,,,,0,0.0,0,0
1,6,all,99,75,16,8,75,75,0,24,0.286844,0.3495,0.6485,59.69954796030369,66.12531262124716,49,98,0,51.94576097022777,59.2308182396355,75.76950495905004,23,0.23232323232323232,16,0,47.29348877618221,53.52308034513908,72.34143447591931,21,0.21212121212121213,16,0
1,6,partial,75,75,0,0,75,75,0,0,0.286844,0.3495,0.6485,59.69954796030369,66.12531262124716,49,74,0,51.94576097022777,59.2308182396355,75.76950495905004,23,0.30666666666666664,16,0,47.29348877618221,53.52308034513908,72.34143447591931,21,0.28,16,0
1,6,full,0,0,0,0,0,0,0,0,,,,,,0,0,0,,,,0,,0,0,,,,0,,0,0
1,6,missing,24,0,16,8,0,0,0,24,,,,,,0,24,0,,,,0,0.0,0,0,,,,0,0.0,0,0
1,7,all,97,78,11,8,78,78,0,19,0.2483705128205128,0.28095,0.6487,55.0075776063498,63.80728661590926,43,94,0,47.46494602527517,54.83529192068687,80.25707756389387,19,0.1958762886597938,12,0,42.93936707663039,47.07895214815771,75.31366205111509,18,0.18556701030927836,12,0
1,7,partial,78,78,0,0,78,78,0,0,0.2483705128205128,0.28095,0.6487,55.0075776063498,63.80728661590926,43,75,0,47.46494602527517,54.83529192068687,80.25707756389387,19,0.24358974358974358,12,0,42.93936707663039,47.07895214815771,75.31366205111509,18,0.23076923076923078,12,0
1,7,full,0,0,0,0,0,0,0,0,,,,,,0,0,0,,,,0,,0,0,,,,0,,0,0
1,7,missing,19,0,11,8,0,0,0,19,,,,,,0,19,0,,,,0,0.0,0,0,,,,0,0.0,0,0
1,8,all,81,76,4,1,76,76,0,5,0.27934473684210526,0.30325,0.7,53.79171047082366,60.69140843512007,57,76,0,47.32740127417038,49.7687800693581,76.4356844345693,22,0.2716049382716049,13,0,43.448815756178405,45.3296322126291,74.06333114437204,16,0.19753086419753085,10,0
1,8,partial,76,76,0,0,76,76,0,0,0.27934473684210526,0.30325,0.7,53.79171047082366,60.69140843512007,57,71,0,47.32740127417038,49.7687800693581,76.4356844345693,22,0.2894736842105263,13,0,43.448815756178405,45.3296322126291,74.06333114437204,16,0.21052631578947367,10,0
1,8,full,0,0,0,0,0,0,0,0,,,,,,0,0,0,,,,0,,0,0,,,,0,,0,0
1,8,missing,5,0,4,1,0,0,0,5,,,,,,0,5,0,,,,0,0.0,0,0,,,,0,0.0,0,0
1,9,all,72,65,4,3,65,65,0,7,0.2699615384615385,0.2824,0.7436,55.09248486990547,61.41063112400491,46,71,0,48.068402113967565,51.67965256497014,77.51022737949162,19,0.2638888888888889,16,0,43.85395246040482,43.67576948937894,75.50492988051496,18,0.25,15,0
1,9,partial,65,65,0,0,65,65,0,0,0.2699615384615385,0.2824,0.7436,55.09248486990547,61.41063112400491,46,64,0,48.068402113967565,51.67965256497014,77.51022737949162,19,0.2923076923076923,16,0,43.85395246040482,43.67576948937894,75.50492988051496,18,0.27692307692307694,15,0
1,9,full,0,0,0,0,0,0,0,0,,,,,,0,0,0,,,,0,,0,0,,,,0,,0,0
1,9,missing,7,0,4,3,0,0,0,7,,,,,,0,7,0,,,,0,0.0,0,0,,,,0,0.0,0,0
1,10,all,69,63,3,3,63,63,0,6,0.24626666666666666,0.211,0.736,51.44034194297203,55.597655572714764,52,69,0,44.73692312389569,48.17517863506594,79.82511252058606,14,0.2028985507246377,12,0,40.71487183244989,41.672906872235046,78.58009001646884,14,0.2028985507246377,12,0
1,10,partial,63,63,0,0,63,63,0,0,0.24626666666666666,0.211,0.736,51.44034194297203,55.597655572714764,52,63,0,44.73692312389569,48.17517863506594,79.82511252058606,14,0.2222222222222222,12,0,40.71487183244989,41.672906872235046,78.58009001646884,14,0.2222222222222222,12,0
1,10,full,0,0,0,0,0,0,0,0,,,,,,0,0,0,,,,0,,0,0,,,,0,,0,0
1,10,missing,6,0,3,3,0,0,0,6,,,,,,0,6,0,,,,0,0.0,0,0,,,,0,0.0,0,0
1,11,all,70,67,2,1,67,67,0,3,0.2910417910447761,0.3507,0.8185,54.9075085122067,62.86733058469831,47,70,0,48.45667616027443,53.45946347653572,79.98547682431094,21,0.3,17,0,44.58617674911506,49.55324853617692,76.55238145944875,18,0.2571428571428571,14,0
1,11,partial,67,67,0,0,67,67,0,0,0.2910417910447761,0.3507,0.8185,54.9075085122067,62.86733058469831,47,67,0,48.45667616027443,53.45946347653572,79.98547682431094,21,0.31343283582089554,17,0,44.58617674911506,49.55324853617692,76.55238145944875,18,0.26865671641791045,14,0
1,11,full,0,0,0,0,0,0,0,0,,,,,,0,0,0,,,,0,,0,0,,,,0,,0,0
1,11,missing,3,0,2,1,0,0,0,3,,,,,,0,3,0,,,,0,0.0,0,0,,,,0,0.0,0,0
1,12,all,72,66,4,2,66,66,0,6,0.2840848484848485,0.2532,0.7916,54.71686808922802,60.45739313485082,52,72,0,48.139772279042226,51.26386902850534,78.47719050795587,17,0.2361111111111111,14,0,44.19351479293075,46.547740767580805,78.6137524063647,15,0.20833333333333334,13,0
1,12,partial,66,66,0,0,66,66,0,0,0.2840848484848485,0.2532,0.7916,54.71686808922802,60.45739313485082,52,66,0,48.139772279042226,51.26386902850534,78.47719050795587,17,0.25757575757575757,14,0,44.19351479293075,46.547740767580805,78.6137524063647,15,0.22727272727272727,13,0
1,12,full,0,0,0,0,0,0,0,0,,,,,,0,0,0,,,,0,,0,0,,,,0,,0,0
1,12,missing,6,0,4,2,0,0,0,6,,,,,,0,6,0,,,,0,0.0,0,0,,,,0,0.0,0,0
2,1,all,100,77,15,8,77,69,8,23,0.2973818181818182,0.3559,0.6581,58.80320904430025,64.89382099192447,55,99,7,51.53695223777065,56.162968925750164,77.67241321957417,18,0.18,14,2,47.17719815385288,52.151920524617104,75.13393057565933,14,0.14,11,1
2,1,partial,69,69,0,0,69,69,0,0,0.2830594202898551,0.3351,0.6581,57.87227164290476,62.94580657320507,49,69,0,50.48068923942495,52.725593972317384,77.67241321957417,16,0.2318840579710145,12,0,46.045739797337056,49.47190502696227,75.13393057565933,13,0.18840579710144928,10,0
2,1,full,8,8,0,0,8,0,8,0,0.4209125,0.40354999999999996,0.5673,66.83254413133643,65.89424588064529,6,7,7,60.64722059850232,60.371854121057396,70.20738417665058,2,0.25,2,2,56.93602647880186,55.227603528209045,64.08390734132047,1,0.125,1,1
2,1,missing,23,0,15,8,0,0,0,23,,,,,,0,23,0,,,,0,0.0,0,0,,,,0,0.0,0,0
2,2,all,99,81,10,8,81,81,0,18,0.2748962962962963,0.2935,0.7576,54.58245665929763,64.84009813162153,52,99,0,47.80924990188063,53.748445188084744,75.9304653478542,21,0.21212121212121213,14,0,43.74532584743043,48.022673665253734,70.44934476287904,20,0.20202020202020202,14,0
2,2,partial,81,81,0,0,81,81,0,0,0.2748962962962963,0.2935,0.7576,54.58245665929763,64.84009813162153,52,81,0,47.80924990188063,53.748445188084744,75.9304653478542,21,0.25925925925925924,14,0,43.74532584743043,48.022673665253734,70.44934476287904,20,0.24691358024691357,14,0
2,2,full,0,0,0,0,0,0,0,0,,,,,,0,0,0,,,,0,,0,0,,,,0,,0,0
2,2,missing,18,0,10,8,0,0,0,18,,,,,,0,18,0,,,,0,0.0,0,0,,,,0,0.0,0,0
2,3,all,98,85,8,5,85,85,0,13,0.26823411764705885,0.2953,0.7026,52.142323970775024,63.13055797148276,59,95,0,45.81259591925774,55.37071325023922,73.2008603420444,24,0.24489795918367346,17,0,42.01475908834736,48.59993614615345,70.59337882908235,22,0.22448979591836735,15,0
2,3,partial,85,85,0,0,85,85,0,0,0.26823411764705885,0.2953,0.7026,52.142323970775024,63.13055797148276,59,82,0,45.81259591925774,55.37071325023922,73.2008603420444,24,0.2823529411764706,17,0,42.01475908834736,48.59993614615345,70.59337882908235,22,0.25882352941176473,15,0
2,3,full,0,0,0,0,0,0,0,0,,,,,,0,0,0,,,,0,,0,0,,,,0,,0,0
2,3,missing,13,0,8,5,0,0,0,13,,,,,,0,13,0,,,,0,0.0,0,0,,,,0,0.0,0,0
2,4,all,97,81,9,7,81,81,0,16,0.26325432098765433,0.3092,0.6314,50.691943101986574,59.663906560636526,48,96,0,44.600315351181294,52.746840295526084,72.18414461952425,17,0.17525773195876287,14,0,40.945338700698116,48.600541238150505,69.77883200041252,14,0.14432989690721648,13,0
2,4,partial,81,81,0,0,81,81,0,0,0.26325432098765433,0.3092,0.6314,50.691943101986574,59.663906560636526,48,80,0,44.600315351181294,52.746840295526084,72.18414461952425,17,0.20987654320987653,14,0,40.945338700698116,48.600541238150505,69.77883200041252,14,0.1728395061728395,13,0
2,4,full,0,0,0,0,0,0,0,0,,,,,,0,0,0,,,,0,,0,0,,,,0,,0,0
2,4,missing,16,0,9,7,0,0,0,16,,,,,,0,16,0,,,,0,0.0,0,0,,,,0,0.0,0,0
2,5,all,95,76,10,9,76,76,0,19,0.2633684210526316,0.29215,0.6699,53.930432029544036,63.78755546952352,47,94,0,47.03203454847382,55.348207784201136,73.81793425191171,17,0.17894736842105263,13,0,42.89299605983168,50.569553366953215,69.39800771360865,15,0.15789473684210525,11,0
2,5,partial,76,76,0,0,76,76,0,0,0.2633684210526316,0.29215,0.6699,53.930432029544036,63.78755546952352,47,75,0,47.03203454847382,55.348207784201136,73.81793425191171,17,0.2236842105263158,13,0,42.89299605983168,50.569553366953215,69.39800771360865,15,0.19736842105263158,11,0
2,5,full,0,0,0,0,0,0,0,0,,,,,,0,0,0,,,,0,,0,0,,,,0,,0,0
2,5,missing,19,0,10,9,0,0,0,19,,,,,,0,19,0,,,,0,0.0,0,0,,,,0,0.0,0,0
2,6,all,99,83,10,6,83,83,0,16,0.24360602409638554,0.2617,0.6371,53.13605612108431,61.14422304907422,51,97,0,45.94219269322287,51.41933135013161,74.08333135551501,23,0.23232323232323232,19,0,41.625874636506005,49.92255998825962,71.09844760354635,20,0.20202020202020202,17,0
2,6,partial,83,83,0,0,83,83,0,0,0.24360602409638554,0.2617,0.6371,53.13605612108431,61.14422304907422,51,81,0,45.94219269322287,51.41933135013161,74.08333135551501,23,0.27710843373493976,19,0,41.625874636506005,49.92255998825962,71.09844760354635,20,0.24096385542168675,17,0
2,6,full,0,0,0,0,0,0,0,0,,,,,,0,0,0,,,,0,,0,0,,,,0,,0,0
2,6,missing,16,0,10,6,0,0,0,16,,,,,,0,16,0,,,,0,0.0,0,0,,,,0,0.0,0,0
2,7,all,98,79,11,8,79,79,0,19,0.2790898734177215,0.3089,0.6864,53.901342492192235,61.69817208579123,55,98,0,47.403253704587215,53.93857106537388,77.2948817571266,22,0.22448979591836735,15,0,43.5044004320242,49.144406844222814,73.45790540570127,18,0.1836734693877551,13,0
2,7,partial,79,79,0,0,79,79,0,0,0.2790898734177215,0.3089,0.6864,53.901342492192235,61.69817208579123,55,79,0,47.403253704587215,53.93857106537388,77.2948817571266,22,0.27848101265822783,15,0,43.5044004320242,49.144406844222814,73.45790540570127,18,0.22784810126582278,13,0
2,7,full,0,0,0,0,0,0,0,0,,,,,,0,0,0,,,,0,,0,0,,,,0,,0,0
2,7,missing,19,0,11,8,0,0,0,19,,,,,,0,19,0,,,,0,0.0,0,0,,,,0,0.0,0,0
2,8,all,82,80,1,1,80,80,0,2,0.32273875,0.3823,0.6535,58.14662225757757,63.3723349727939,48,70,0,51.678435443183176,57.75758475608559,78.69323214120251,27,0.32926829268292684,13,0,47.79752335454654,53.9404893611288,73.76695417353886,22,0.2682926829268293,11,0
2,8,partial,80,80,0,0,80,80,0,0,0.32273875,0.3823,0.6535,58.14662225757757,63.3723349727939,48,68,0,51.678435443183176,57.75758475608559,78.69323214120251,27,0.3375,13,0,47.79752335454654,53.9404893611288,73.76695417353886,22,0.275,11,0
2,8,full,0,0,0,0,0,0,0,0,,,,,,0,0,0,,,,0,,0,0,,,,0,,0,0
2,8,missing,2,0,1,1,0,0,0,2,,,,,,0,2,0,,,,0,0.0,0,0,,,,0,0.0,0,0
2,9,all,70,67,3,0,67,67,0,3,0.2562417910447761,0.2123,0.6317,56.44105088607342,62.03225971037669,49,70,0,48.73683294067447,52.417121182914755,76.65598002918293,16,0.22857142857142856,13,0,44.1143021734351,46.24003467083804,71.25678402334633,13,0.18571428571428572,11,0
2,9,partial,67,67,0,0,67,67,0,0,0.2562417910447761,0.2123,0.6317,56.44105088607342,62.03225971037669,49,67,0,48.73683294067447,52.417121182914755,76.65598002918293,16,0.23880597014925373,13,0,44.1143021734351,46.24003467083804,71.25678402334633,13,0.19402985074626866,11,0
2,9,full,0,0,0,0,0,0,0,0,,,,,,0,0,0,,,,0,,0,0,,,,0,,0,0
2,9,missing,3,0,3,0,0,0,0,3,,,,,,0,3,0,,,,0,0.0,0,0,,,,0,0.0,0,0
2,10,all,72,67,5,0,67,67,0,5,0.3344089552238806,0.3801,0.6486,56.84290490655485,60.781614936850524,49,69,0,50.992402560513156,54.178657614114854,79.23685663762029,17,0.2361111111111111,13,0,47.482101152888134,52.04461978401278,76.18748531009624,13,0.18055555555555555,9,0
2,10,partial,67,67,0,0,67,67,0,0,0.3344089552238806,0.3801,0.6486,56.84290490655485,60.781614936850524,49,64,0,50.992402560513156,54.178657614114854,79.23685663762029,17,0.2537313432835821,13,0,47.482101152888134,52.04461978401278,76.18748531009624,13,0.19402985074626866,9,0
2,10,full,0,0,0,0,0,0,0,0,,,,,,0,0,0,,,,0,,0,0,,,,0,,0,0
2,10,missing,5,0,5,0,0,0,0,5,,,,,,0,5,0,,,,0,0.0,0,0,,,,0,0.0,0,0
2,11,all,68,63,2,3,63,63,0,5,0.3206079365079365,0.3903,0.7038,56.529991525261224,63.76285936776127,46,66,0,50.41269205664433,57.529648519922645,78.04895684322264,19,0.27941176470588236,13,0,46.74231237547419,51.75493579361867,76.3971654745781,17,0.25,11,0
2,11,partial,63,63,0,0,63,63,0,0,0.3206079365079365,0.3903,0.7038,56.529991525261224,63.76285936776127,46,61,0,50.41269205664433,57.529648519922645,78.04895684322264,19,0.30158730158730157,13,0,46.74231237547419,51.75493579361867,76.3971654745781,17,0.2698412698412698,11,0
2,11,full,0,0,0,0,0,0,0,0,,,,,,0,0,0,,,,0,,0,0,,,,0,,0,0
2,11,missing,5,0,2,3,0,0,0,5,,,,,,0,5,0,,,,0,0.0,0,0,,,,0,0.0,0,0
2,12,all,67,65,2,0,65,65,0,2,0.2922323076923077,0.3744,0.6894,56.077160592544,62.03225971037669,46,67,0,49.363678136715684,55.07971541786385,77.35226052321562,14,0.208955223880597,10,0,45.3355886632187,51.97928450310007,74.76214560261714,13,0.19402985074626866,10,0
2,12,partial,65,65,0,0,65,65,0,0,0.2922323076923077,0.3744,0.6894,56.077160592544,62.03225971037669,46,65,0,49.363678136715684,55.07971541786385,77.35226052321562,14,0.2153846153846154,10,0,45.3355886632187,51.97928450310007,74.76214560261714,13,0.2,10,0
2,12,full,0,0,0,0,0,0,0,0,,,,,,0,0,0,,,,0,,0,0,,,,0,,0,0
2,12,missing,2,0,2,0,0,0,0,2,,,,,,0,2,0,,,,0,0.0,0,0,,,,0,0.0,0,0
both,1,all,200,157,28,15,157,144,13,43,0.2696573248407643,0.3343,0.6979,58.95655518182562,65.01672765859115,90,196,12,50.95884950738832,56.805892219788525,77.67241321957417,37,0.185,24,6,46.16022610272594,50.63437723980411,75.13393057565933,30,0.15,21,4
both,1,partial,144,144,0,0,144,144,0,0,0.25349375,0.31115,0.6581,57.97801333460362,63.56969536308458,81,144,0,49.82085375095271,53.7252692651486,77.67241321957417,31,0.2152777777777778,20,0,44.92655800076217,49.33519169817131,75.13393057565933,26,0.18055555555555555,18,0
both,1,full,13,13,0,0,13,0,13,0,0.4487,0.4143,0.6979,69.79578795105397,71.26463792269367,9,9,12,63.564340963290476,62.923401346170266,72.40459978158677,6,0.46153846153846156,4,6,59.82547277063238,59.206782753616196,71.8816798252694,4,0.3076923076923077,3,4
both,1,missing,43,0,28,15,0,0,0,43,,,,,,0,43,0,,,,0,0.0,0,0,,,,0,0.0,0,0
both,2,all,199,162,23,14,162,162,0,37,0.2747302469135802,0.29685,0.7576,55.2288015190845,64.47877333178269,83,193,0,48.28985731215288,54.59784615135308,78.97129852615053,42,0.21105527638190955,22,0,44.12649078799391,48.41499720577928,76.06303882092043,36,0.18090452261306533,21,0
both,2,partial,162,162,0,0,162,162,0,0,0.2747302469135802,0.29685,0.7576,55.2288015190845,64.47877333178269,83,157,0,48.28985731215288,54.59784615135308,78.97129852615053,42,0.25925925925925924,22,0,44.12649078799391,48.41499720577928,76.06303882092043,36,0.2222222222222222,21,0
both,2,full,0,0,0,0,0,0,0,0,,,,,,0,0,0,,,,0,,0,0,,,,0,,0,0
both,2,missing,37,0,23,14,0,0,0,37,,,,,,0,36,0,,,,0,0.0,0,0,,,,0,0.0,0,0
both,3,all,196,171,17,8,171,171,0,25,0.25213801169590644,0.284,0.7026,53.656747371117575,64.31239894018672,90,190,0,46.546010820735845,56.92218257215073,73.2769650918325,41,0.20918367346938777,24,0,42.2795688905068,50.847733315206334,70.80741993141508,35,0.17857142857142858,21,0
both,3,partial,171,171,0,0,171,171,0,0,0.25213801169590644,0.284,0.7026,53.656747371117575,64.31239894018672,90,165,0,46.546010820735845,56.92218257215073,73.2769650918325,41,0.23976608187134502,24,0,42.2795688905068,50.847733315206334,70.80741993141508,35,0.2046783625730994,21,0
both,3,full,0,0,0,0,0,0,0,0,,,,,,0,0,0,,,,0,,0,0,,,,0,,0,0
both,3,missing,25,0,17,8,0,0,0,25,,,,,,0,25,0,,,,0,0.0,0,0,,,,0,0.0,0,0
both,4,all,195,164,18,13,164,164,0,31,0.25579999999999997,0.2804,0.6314,52.767903439489146,61.98764213779124,83,192,0,45.970927579616855,52.721348888457015,80.95316577068337,38,0.19487179487179487,23,0,41.89274206369348,46.70352883767069,77.3525326165467,33,0.16923076923076924,22,0
both,4,partial,164,164,0,0,164,164,0,0,0.25579999999999997,0.2804,0.6314,52.767903439489146,61.98764213779124,83,161,0,45.970927579616855,52.721348888457015,80.95316577068337,38,0.23170731707317074,23,0,41.89274206369348,46.70352883767069,77.3525326165467,33,0.20121951219512196,22,0
both,4,full,0,0,0,0,0,0,0,0,,,,,,0,0,0,,,,0,,0,0,,,,0,,0,0
both,4,missing,31,0,18,13,0,0,0,31,,,,,,0,31,0,,,,0,0.0,0,0,,,,0,0.0,0,0
both,5,all,193,158,22,13,158,158,0,35,0.2551632911392405,0.29215,0.7412,55.04256911802793,64.30169733383622,83,187,0,47.66100911700196,55.004416489172904,74.05546397120979,36,0.18652849740932642,22,0,43.232073116386374,49.613605912461296,71.18878304069113,30,0.15544041450777202,19,0
both,5,partial,158,158,0,0,158,158,0,0,0.2551632911392405,0.29215,0.7412,55.04256911802793,64.30169733383622,83,152,0,47.66100911700196,55.004416489172904,74.05546397120979,36,0.22784810126582278,22,0,43.232073116386374,49.613605912461296,71.18878304069113,30,0.189873417721519,19,0
both,5,full,0,0,0,0,0,0,0,0,,,,,,0,0,0,,,,0,,0,0,,,,0,,0,0
both,5,missing,35,0,22,13,0,0,0,35,,,,,,0,35,0,,,,0,0.0,0,0,,,,0,0.0,0,0
both,6,all,198,158,26,14,158,158,0,40,0.26413037974683545,0.28815,0.6485,56.251637690334015,64.6345353903161,81,192,0,48.791987761421396,57.15426621808533,75.76950495905004,46,0.23232323232323232,27,0,44.31619780407382,51.25746058349342,72.34143447591931,41,0.20707070707070707,25,0
both,6,partial,158,158,0,0,158,158,0,0,0.26413037974683545,0.28815,0.6485,56.251637690334015,64.6345353903161,81,152,0,48.791987761421396,57.15426621808533,75.76950495905004,46,0.2911392405063291,27,0,44.31619780407382,51.25746058349342,72.34143447591931,41,0.25949367088607594,25,0
both,6,full,0,0,0,0,0,0,0,0,,,,,,0,0,0,,,,0,,0,0,,,,0,,0,0
both,6,missing,40,0,26,14,0,0,0,40,,,,,,0,40,0,,,,0,0.0,0,0,,,,0,0.0,0,0
both,7,all,195,157,22,16,157,157,0,38,0.263828025477707,0.3053,0.6864,54.450937007506184,63.74065707887351,81,190,0,47.43390339257231,54.6362136839998,80.25707756389387,41,0.21025641025641026,19,0,43.223683223611985,48.46992062056495,75.31366205111509,36,0.18461538461538463,17,0
both,7,partial,157,157,0,0,157,157,0,0,0.263828025477707,0.3053,0.6864,54.450937007506184,63.74065707887351,81,152,0,47.43390339257231,54.6362136839998,80.25707756389387,41,0.2611464968152866,19,0,43.223683223611985,48.46992062056495,75.31366205111509,36,0.22929936305732485,17,0
both,7,full,0,0,0,0,0,0,0,0,,,,,,0,0,0,,,,0,,0,0,,,,0,,0,0
both,7,missing,38,0,22,16,0,0,0,38,,,,,,0,38,0,,,,0,0.0,0,0,,,,0,0.0,0,0
both,8,all,163,156,5,2,156,156,0,7,0.30159807692307694,0.3692,0.7,56.024998566594896,62.531421724695164,88,145,0,49.55870084802309,55.083858905801634,78.69323214120251,49,0.3006134969325153,21,0,45.67892221688001,52.558448333912786,74.06333114437204,38,0.2331288343558282,17,0
both,8,partial,156,156,0,0,156,156,0,0,0.30159807692307694,0.3692,0.7,56.024998566594896,62.531421724695164,88,138,0,49.55870084802309,55.083858905801634,78.69323214120251,49,0.3141025641025641,21,0,45.67892221688001,52.558448333912786,74.06333114437204,38,0.24358974358974358,17,0
both,8,full,0,0,0,0,0,0,0,0,,,,,,0,0,0,,,,0,,0,0,,,,0,,0,0
both,8,missing,7,0,5,2,0,0,0,7,,,,,,0,7,0,,,,0,0.0,0,0,,,,0,0.0,0,0
both,9,all,142,132,7,3,132,132,0,10,0.2629977272727273,0.26280000000000003,0.7436,55.776984287202836,61.45095490271947,82,141,0,48.40768139722031,52.02588704523722,77.51022737949162,35,0.24647887323943662,23,0,43.986099663230796,45.724062281599814,75.50492988051496,31,0.21830985915492956,21,0
both,9,partial,132,132,0,0,132,132,0,0,0.2629977272727273,0.26280000000000003,0.7436,55.776984287202836,61.45095490271947,82,131,0,48.40768139722031,52.02588704523722,77.51022737949162,35,0.26515151515151514,23,0,43.986099663230796,45.724062281599814,75.50492988051496,31,0.23484848484848486,21,0
both,9,full,0,0,0,0,0,0,0,0,,,,,,0,0,0,,,,0,,0,0,,,,0,,0,0
both,9,missing,10,0,7,3,0,0,0,10,,,,,,0,10,0,,,,0,0.0,0,0,,,,0,0.0,0,0
both,10,all,141,130,8,3,130,130,0,11,0.29169384615384614,0.327,0.736,54.22473977804933,60.66302278072641,86,138,0,47.960900987383155,51.633500185545955,79.82511252058606,31,0.2198581560283688,20,0,44.20259771298345,49.26590026455787,78.58009001646884,27,0.19148936170212766,17,0
both,10,partial,130,130,0,0,130,130,0,0,0.29169384615384614,0.327,0.736,54.22473977804933,60.66302278072641,86,127,0,47.960900987383155,51.633500185545955,79.82511252058606,31,0.23846153846153847,20,0,44.20259771298345,49.26590026455787,78.58009001646884,27,0.2076923076923077,17,0
both,10,full,0,0,0,0,0,0,0,0,,,,,,0,0,0,,,,0,,0,0,,,,0,,0,0
both,10,missing,11,0,8,3,0,0,0,11,,,,,,0,11,0,,,,0,0.0,0,0,,,,0,0.0,0,0
both,11,all,138,130,4,4,130,130,0,8,0.30537,0.37275,0.8185,55.69378874161004,63.63800985017015,79,136,0,49.404591556207535,54.990649384102454,79.98547682431094,40,0.2898550724637681,26,0,45.631073244966025,50.326400197915476,76.55238145944875,35,0.2536231884057971,21,0
both,11,partial,130,130,0,0,130,130,0,0,0.30537,0.37275,0.8185,55.69378874161004,63.63800985017015,79,128,0,49.404591556207535,54.990649384102454,79.98547682431094,40,0.3076923076923077,26,0,45.631073244966025,50.326400197915476,76.55238145944875,35,0.2692307692307692,21,0
both,11,full,0,0,0,0,0,0,0,0,,,,,,0,0,0,,,,0,,0,0,,,,0,,0,0
both,11,missing,8,0,4,4,0,0,0,8,,,,,,0,8,0,,,,0,0.0,0,0,,,,0,0.0,0,0
both,12,all,139,131,6,2,131,131,0,8,0.2881274809160305,0.3235,0.7916,55.391822384766485,61.032127408457235,81,139,0,48.747053811475624,52.940207423756036,78.47719050795587,31,0.22302158273381295,21,0,44.76019266750111,50.279171351949124,78.6137524063647,28,0.2014388489208633,19,0
both,12,partial,131,131,0,0,131,131,0,0,0.2881274809160305,0.3235,0.7916,55.391822384766485,61.032127408457235,81,131,0,48.747053811475624,52.940207423756036,78.47719050795587,31,0.2366412213740458,21,0,44.76019266750111,50.279171351949124,78.6137524063647,28,0.21374045801526717,19,0
both,12,full,0,0,0,0,0,0,0,0,,,,,,0,0,0,,,,0,,0,0,,,,0,,0,0
both,12,missing,8,0,6,2,0,0,0,8,,,,,,0,8,0,,,,0,0.0,0,0,,,,0,0.0,0,0
